company_id,ten_cong_ty,nganh,quarter,is_demo,default_label,current_ratio,quick_ratio,cash_ratio,de_ratio,da_ratio,interest_coverage,asset_turnover,cfo_debt,cfo_margin,cf_volatility,gdp_growth,lending_rate,cpi,working_capital_ratio,pd_score
AAA,AAA,San xuat,2025-Q2,False,0,1.4270822497611355,1.117647690659738,0.5348560348603087,1.0804341818321088,0.5193311046642378,2.5512735971632803,0.7598894498890226,0.04357122013907409,0.1191114833332596,0.053356747626384746,7.1,8.7,3.9,0.11205864735565367,0.0942
AAA,AAA,San xuat,2025-Q3,False,0,1.4070693894549258,1.1636284582086274,0.559792820333961,1.0342265424103978,0.5084126673447693,1.915206253577897,0.7742279627134739,0.061042181157192454,0.16033839973385777,0.053356747626384746,7.6,8.9,4.1,0.10344037534632633,0.0856
AAA,AAA,San xuat,2025-Q4,False,0,1.382050955779324,1.0943937186520984,0.49324896608323643,1.1205981630634543,0.528434940000428,1.3429875840731824,0.6802228802287459,0.05739717867780441,0.17835727407816565,0.053356747626384746,7.8,9.1,4.3,0.09719825917476876,0.0965
AAA,AAA,San xuat,2026-Q1,False,0,1.3734388414848915,1.1156768325845707,0.44425175778637394,1.0864936172267337,0.5207270265560882,2.1740357311028933,0.6841918744602322,0.019089270549004785,0.058114101983160756,0.053356747626384746,7.5,8.8,4.0,0.09066740372077943,0.1115
AGG,AGG,Bat dong san,2025-Q2,False,0,0.8846165675548415,0.644950782028422,0.015612467231149991,0.9564429776409711,0.4888683128369147,5.040480299795736,0.12286645708060785,-0.002504359356609451,-0.0398579714103675,2.0,7.1,8.7,3.9,-0.04612031746586918,0.257
AGG,AGG,Bat dong san,2025-Q3,False,0,0.9221975658798692,0.6757899559522019,0.010390404713512045,0.8022169300750635,0.44512784043242265,6.635650507237891,0.11335904788261933,-0.3029608596358824,-2.0,2.0,7.6,8.9,4.1,-0.027458566079083813,0.8595
AGG,AGG,Bat dong san,2025-Q4,False,0,1.0119338335030916,0.7933666411717565,0.057045230721725695,0.5581646430537675,0.3582192970056418,5.525744451187782,0.19941212805312347,0.3519485507210408,2.0,2.0,7.8,9.1,4.3,0.003467484652533735,0.0118
AGG,AGG,Bat dong san,2026-Q1,False,0,0.826368524179982,0.632771752407934,0.027320979658500513,0.5331204257445492,0.3477355182230013,50.0,0.049856689881917084,-0.02725374891387258,-0.7603470286159021,2.0,7.5,8.8,4.0,-0.05463110185295796,0.4945
ANV,ANV,San xuat,2025-Q2,False,0,1.5902355584502643,0.7023003378857952,0.039593260622458534,0.5789508751144645,0.36666807323723355,50.0,1.3408185333031486,0.07792687469134466,0.0852413545510397,0.13047653851632607,7.1,8.7,3.9,0.20581761037355414,0.0567
ANV,ANV,San xuat,2025-Q3,False,0,1.6685295131548368,0.920720901119843,0.08451885367353246,0.5906140336577268,0.3713119720813534,50.0,1.4201995744844436,0.16134560693959482,0.1687355962521029,0.13047653851632607,7.6,8.9,4.1,0.23725430163187766,0.0412
ANV,ANV,San xuat,2025-Q4,False,0,1.558351283797339,0.9211498922081043,0.0204951840986479,0.6515260277885588,0.3944994004490326,50.0,1.4551306049771282,0.17816682484988022,0.19321071343775445,0.13047653851632607,7.8,9.1,4.3,0.21384932877648236,0.0399
ANV,ANV,San xuat,2026-Q1,False,0,1.6314221847280745,1.0354671657795185,0.01351488266120862,0.6295742557096403,0.38634278462841565,50.0,1.2142459744917362,-0.07461922107451043,-0.09496790028493825,0.13047653851632607,7.5,8.8,4.0,0.23697369129794893,0.0698
BCM,BCM,Bat dong san,2025-Q2,False,0,1.4044242492204093,0.45637486289935203,0.12611912608143722,1.6513779653793872,0.6228376289395203,1.740935842175592,0.2016492393884164,0.03226133877013528,0.3985847069286777,0.7352499716557263,7.1,8.7,3.9,0.1577290523568084,0.16
BCM,BCM,Bat dong san,2025-Q3,False,0,1.5756005709968954,0.4683541434184834,0.09322870577994606,1.634131608912254,0.6203682471230271,0.3438515171205275,0.05695122358929242,-0.02236572109706698,-0.9745169510450081,0.7352499716557263,7.6,8.9,4.1,0.19837641297643013,0.623
BCM,BCM,Bat dong san,2025-Q4,False,0,1.4477409409300457,0.4240056931144418,0.10839477134287652,1.612139569969697,0.6171720640441886,1.130894691487481,0.09039534139078007,0.005846368260636513,0.15966376634305143,0.7352499716557263,7.8,9.1,4.3,0.15935877661763823,0.234
BCM,BCM,Bat dong san,2026-Q1,False,0,1.6061314523693269,0.45996597292792774,0.07726542452498478,1.7275749518363575,0.6333739612446787,0.21368759475295043,0.07208995690726089,-0.028215379599308043,-0.9915881496683807,0.7352499716557263,7.5,8.8,4.0,0.19532043846427705,0.6335
BSR,BSR,San xuat,2025-Q2,False,0,2.5559563285925497,2.113218066889571,0.6440596257266618,0.48842575375528297,0.32814922244054817,50.0,1.7475870881786992,0.15092045493759396,0.11335499162965007,0.10102637714713678,7.1,8.7,3.9,0.49465753288715203,0.0144
BSR,BSR,San xuat,2025-Q3,False,0,2.680197770980218,2.2152237904699823,0.4312431921815399,0.45932455324172283,0.3147514733589494,50.0,1.6836209493583747,-0.10387153420560914,-0.07767477220743661,0.10102637714713678,7.6,8.9,4.1,0.5116135014927353,0.019
BSR,BSR,San xuat,2025-Q4,False,0,2.9545684784507515,2.4217578738948955,0.32076643212715333,0.40702174736442803,0.28927893127938037,50.0,1.7676270154233595,0.20264914553315752,0.1326572353398231,0.10102637714713678,7.8,9.1,4.3,0.5457560715209558,0.0111
BSR,BSR,San xuat,2026-Q1,False,0,2.4883406648022177,1.907709425268896,0.1785703304120507,0.5526063863606033,0.35592175274761284,50.0,1.7200567032829588,-0.015726625567121094,-0.013016892119827633,0.10102637714713678,7.5,8.8,4.0,0.5178618008569413,0.0198
CEO,CEO,Bat dong san,2025-Q2,False,0,2.8198511658905,1.9860736912448205,0.5937840744030516,0.36376394925396405,0.2667352729575805,2.84364868813022,0.19473819461855904,-0.029205130228204285,-0.16001048789510233,0.5014677123397724,7.1,8.7,3.9,0.34659581324917077,0.1076
CEO,CEO,Bat dong san,2025-Q3,False,0,2.937002880706835,2.022451741073126,0.49609385911373804,0.3430024995676854,0.2553997477131267,2.1574056942131,0.11286754574673392,-0.05191888501149098,-0.46993385195904613,0.5014677123397724,7.6,8.9,4.1,0.3467920001399852,0.1689
CEO,CEO,Bat dong san,2025-Q4,False,0,2.778003994882993,1.885813236667708,0.47417478076261776,0.35525022677942775,0.2621288820025751,1.6182845818516098,0.15995015634975676,0.047276501907061036,0.3099099587697118,0.5014677123397724,7.8,9.1,4.3,0.3354448625626884,0.0613
CEO,CEO,Bat dong san,2026-Q1,False,0,2.768083448438607,1.8800189480077767,0.2604152351280883,0.35838728962855615,0.2638329233237711,3.574029871761991,0.19480002880500896,-0.1620449390969186,-0.8778805681709052,0.5014677123397724,7.5,8.8,4.0,0.33054321123750385,0.2739
CMG,CMG,Dich vu,2025-Q2,False,0,1.3158592483002611,1.206198752766941,0.15268295567471324,1.0728670270446727,0.5175763872197245,1.8697256927018693,1.1224932013044955,-0.034935368008522115,-0.06443414192274449,0.09006408143056348,7.1,8.7,3.9,0.12421744056202241,0.0827
CMG,CMG,Dich vu,2025-Q3,False,0,1.2142503185585733,1.105791025382198,0.16037608095903244,1.2188624234192285,0.5493186105432272,1.7667564479765134,1.1286335821225137,0.04234871599496604,0.08244637833616857,0.09006408143056348,7.6,8.9,4.1,0.09078731578629774,0.075
CMG,CMG,Dich vu,2025-Q4,False,0,1.5813614760640164,1.5046904956146954,0.13080971469610436,1.5174206906211423,0.6027680221563355,1.0328493921819355,1.0203365928477124,0.03975589318219295,0.09394382704871042,0.09006408143056348,7.8,9.1,4.3,0.20959411475162326,0.0675
CMG,CMG,Dich vu,2026-Q1,False,0,1.4663858393890994,1.4111352567817446,0.14328864553603576,1.559626460185962,0.609317994029743,0.6827352471776921,0.9031762698972287,0.05382779437665048,0.14525733142372407,0.09006408143056348,7.5,8.8,4.0,0.17827142615262304,0.0758
CSM,CSM,San xuat,2025-Q2,False,0,1.2951565941033791,0.8064697435337723,0.16865449482934355,1.4833232727598311,0.5973138048641351,9.85801056210596,1.313230736918854,0.050100028556976095,0.09115058866618149,0.2556347635362226,7.1,8.7,3.9,0.1720549265012563,0.0727
CSM,CSM,San xuat,2025-Q3,False,0,1.2570285101725736,0.7874625862394262,0.2331583052230486,1.7837959639038141,0.6407782707617461,10.209930078572123,1.0676511998198526,-0.10038166976194947,-0.24098654233551897,0.2556347635362226,7.6,8.9,4.1,0.1613769157856009,0.1553
CSM,CSM,San xuat,2025-Q4,False,1,1.2394023371771874,0.6862418807648597,0.24037827173548312,1.8019621215237607,0.643107238203427,0.04114843631207587,1.0337731439850082,0.12858270565004298,0.31996369490721666,0.2556347635362226,7.8,9.1,4.3,0.1498330895064267,0.3927
CSM,CSM,San xuat,2026-Q1,False,0,1.2868814905911887,0.6971323703639062,0.11018236777352602,1.658966827345349,0.623914074551138,3.8226658813614436,1.1960402454376946,-0.07917581256464304,-0.1652081659008922,0.2556347635362226,7.5,8.8,4.0,0.17083130845505282,0.1261
CSV,CSV,San xuat,2025-Q2,False,0,3.200175986958339,2.2776390186497624,0.2483214567441121,0.34243429984034396,0.2550845876636717,50.0,1.0123865481132859,0.13803308346483442,0.13911726600947472,0.18563534508966725,7.1,8.7,3.9,0.5612309844207798,0.024
CSV,CSV,San xuat,2025-Q3,False,0,3.2244439910434117,2.305094007896513,0.195142220727737,0.3351093108527787,0.25099765849039973,50.0,0.9544595296677402,-0.21445475790134438,-0.22558375881731138,0.18563534508966725,7.6,8.9,4.1,0.558330233194936,0.0425
CSV,CSV,San xuat,2025-Q4,False,0,3.9839358485556753,2.8334945202965565,0.21768360734666883,0.26953638940395114,0.21231088108510132,50.0,1.2513023876787832,0.17879934575829376,0.12134891456829171,0.18563534508966725,7.8,9.1,4.3,0.6106912697565287,0.014
CSV,CSV,San xuat,2026-Q1,False,0,3.966216787724696,2.879757941226559,0.11429705230052857,0.27131566226257514,0.21341329326479902,50.0,1.18605831249476,-0.20393566334313934,-0.1467805792335965,0.18563534508966725,7.5,8.8,4.0,0.61203268737801,0.0216
CTD,CTD,San xuat,2025-Q2,False,0,1.3519422183513874,1.0635888900128416,0.13113290816069514,2.3129885019574488,0.6981577209189953,50.0,1.1093329965584984,0.027123542038576632,0.06828070688116286,0.1668251389215301,7.1,8.7,3.9,0.24508755427400813,0.0957
CTD,CTD,San xuat,2025-Q3,False,0,1.3394442951879255,1.0243213805473437,0.07353019841849659,2.3666444367471247,0.7029683357455452,50.0,0.9560391978013612,-0.038237992951187336,-0.11246441915337031,0.1668251389215301,7.6,8.9,4.1,0.2380525817813073,0.1443
CTD,CTD,San xuat,2025-Q4,False,0,1.302526480596935,0.9979005238902091,0.0743322231878721,2.669792696162255,0.7275050438010392,19.727693878429307,1.1622062934787163,0.03254891806283715,0.08149844719943232,0.1668251389215301,7.8,9.1,4.3,0.21825310024596234,0.1037
CTD,CTD,San xuat,2026-Q1,False,0,1.3822097196493082,0.9978969142830347,0.06100892518405918,2.6503238362495134,0.7260517025723835,1.201885017951765,0.7391176058162733,-0.06881976258358934,-0.2704127483975142,0.1668251389215301,7.5,8.8,4.0,0.2599722926048667,0.2235
DBT,DBT,San xuat,2025-Q2,False,0,1.1196748568269659,0.47323159571955964,0.018692658554988084,2.332930575683055,0.6999637474311752,6.530834300541337,0.98697397987211,-0.004577631230865366,-0.012985857686459757,0.12131261508966705,7.1,8.7,3.9,0.08052951951788807,0.1724
DBT,DBT,San xuat,2025-Q3,False,0,1.1248610630761864,0.4352332366625241,0.009037441005453478,2.2851966445253087,0.6956042184974002,0.37321828959015685,0.7281351210320761,-0.015203922304092449,-0.058098625856381536,0.12131261508966705,7.6,8.9,4.1,0.08381048345673882,0.2244
DBT,DBT,San xuat,2025-Q4,False,0,1.1160342574290165,0.4912724995168715,0.03066223908890969,2.404638319375087,0.7062830450126792,-5.6160003641329865,1.1268750772216853,0.057378582040299865,0.14385097500549443,0.12131261508966705,7.8,9.1,4.3,0.07969914556622461,0.1267
DBT,DBT,San xuat,2026-Q1,False,0,1.1541560716432882,0.5095084137909872,0.012770206834899447,2.0132309197857055,0.6681303137327697,20.254345132201134,0.829132229572717,0.06027021140230712,0.1942674705756673,0.12131261508966705,7.5,8.8,4.0,0.10024630891994794,0.1357
DGW,DGW,Thuong mai,2025-Q2,False,0,1.4914676981854889,0.8180662321038515,0.220141928792105,1.672550123220299,0.6258255396927612,50.0,2.747263618924334,-0.04289977872768442,-0.03909020887549938,0.11810718815513811,7.1,8.7,3.9,0.30742382178684374,0.021
DGW,DGW,Thuong mai,2025-Q3,False,0,1.4630614547418366,0.9532745164257102,0.11974254262199235,1.800448532801983,0.642914344510573,50.0,3.2077131990616263,-0.12518159985682142,-0.10035940400192492,0.11810718815513811,7.6,8.9,4.1,0.29737052087952603,0.0143
DGW,DGW,Thuong mai,2025-Q4,False,0,1.375450248122196,0.8054221816684773,0.22383708082118633,2.242559603760925,0.6916016597381472,50.0,2.8385813387798517,0.16330035727968725,0.15914822885295268,0.11810718815513811,7.8,9.1,4.3,0.2595108380346605,0.0177
DGW,DGW,Thuong mai,2026-Q1,False,0,1.4920493265419132,1.070051368587135,0.1557668613739946,1.7299987867105977,0.633699470905293,50.0,3.3895721235895206,-0.10093708806452723,-0.07548301315798515,0.11810718815513811,7.5,8.8,4.0,0.3116598242209819,0.0105
DHC,DHC,San xuat,2025-Q2,False,0,1.8562722034905812,1.5004872903179032,0.24907599758630683,0.6077090530262081,0.37799690925563356,50.0,1.0567903299976174,0.1351603904198559,0.19337879381468398,0.05861143252205574,7.1,8.7,3.9,0.3225123283887875,0.0402
DHC,DHC,San xuat,2025-Q3,False,0,1.8905282546392486,1.539033876198789,0.33881044278447187,0.616733836844619,0.38146899804379614,50.0,1.061455398916694,0.11105333721170386,0.15964271440440728,0.05861143252205574,7.6,8.9,4.1,0.33856826874205065,0.0408
DHC,DHC,San xuat,2025-Q4,False,0,1.8658452932284508,1.5063396077327635,0.2982391537713011,0.6185916188025891,0.38217893359673655,50.0,1.108659459986833,0.13778896679610103,0.18999536753028007,0.05861143252205574,7.8,9.1,4.3,0.330907830825803,0.0382
DHC,DHC,San xuat,2026-Q1,False,0,1.8863237921789258,1.5475667918486016,0.28764086024889973,0.6305981540790652,0.3867281172259247,50.0,1.0106642689027097,0.04428133604521038,0.06777656337096126,0.05861143252205574,7.5,8.8,4.0,0.3427663314018978,0.0487
DIG,DIG,Bat dong san,2025-Q2,False,0,2.009430389239478,0.8868835157947397,0.07153538110127823,1.3563162725487397,0.5756087535234236,0.33985295395966664,0.05739263784611552,-0.003028123455055631,-0.12147999693989227,1.7032167352867678,7.1,8.7,3.9,0.43551095100195314,0.221
DIG,DIG,Bat dong san,2025-Q3,False,0,2.0686159427874053,0.9896751910107947,0.16821812157310848,1.310949077027527,0.567277353732841,1.2424434917843574,0.2817685024092097,0.07833686080926558,0.6308544314875926,1.7032167352867678,7.6,8.9,4.1,0.450854363285124,0.0635
DIG,DIG,Bat dong san,2025-Q4,False,0,2.1262301295402644,1.2792131994270983,0.4190992532351244,0.8911193931164175,0.47121265656734773,7.775129784519035,0.6226241515714226,0.15180461467367717,0.45955336347957504,1.7032167352867678,7.8,9.1,4.3,0.4647776649988203,0.045
DIG,DIG,Bat dong san,2026-Q1,False,1,2.3053862458490224,1.282464142195495,0.32175217790340804,0.745457577515225,0.42708432855551465,-0.19797873995210663,0.03262894752421033,-0.057720477659368316,-2.0,1.7032167352867678,7.5,8.8,4.0,0.49003759841855926,0.9592
DPG,DPG,Bat dong san,2025-Q2,False,0,2.0700392500159435,1.0811326273401818,0.4194507049642013,1.6972803076976999,0.6292561818116844,0.5660928718176033,0.6244697714985277,-0.20588708138202658,-0.8298606249837414,0.4439916711087687,7.1,8.7,3.9,0.31296440226228034,0.3404
DPG,DPG,Bat dong san,2025-Q3,False,0,2.2694313191165647,1.1132185702872581,0.3290043134207664,1.5702849226169902,0.6109380749190138,0.4964612562942943,0.652467724420634,-0.010366827928635374,-0.03882791231312509,0.4439916711087687,7.6,8.9,4.1,0.3240024469130972,0.1258
DPG,DPG,Bat dong san,2025-Q4,False,0,1.8906583095881326,0.9862008423156601,0.32114341465178714,1.7792188194507201,0.6401866621651482,0.796286176122954,0.8064204932191695,0.06668928891676805,0.21176839444326795,0.4439916711087687,7.8,9.1,4.3,0.2716976188950045,0.0911
DPG,DPG,Bat dong san,2026-Q1,False,0,2.069436310043067,1.1873939457492506,0.3141881151248462,1.6003010393592683,0.6154291426786467,0.42850605353813376,0.21118037301195194,-0.020226149436599738,-0.23577497529568764,0.4439916711087687,7.5,8.8,4.0,0.301832622908381,0.2292
DPM,DPM,San xuat,2025-Q2,False,0,2.308466292537408,2.0122724692386256,0.1461845629844915,0.5820650133995228,0.36791472440743017,50.0,1.1435978084374094,0.1517082610399451,0.19522843656759858,0.3624730689331731,7.1,8.7,3.9,0.4688334742633547,0.0255
DPM,DPM,San xuat,2025-Q3,False,0,2.1511773367861804,1.7061471290412096,0.10796947263501305,0.659169261419043,0.39728873765131906,50.0,0.7925869403241336,-0.2790574919785787,-0.5595166565574401,0.3624730689331731,7.6,8.9,4.1,0.4462052873649711,0.1229
DPM,DPM,San xuat,2025-Q4,False,0,2.4068080907997067,1.8372294393847493,0.1938047739506,0.5414066495990464,0.3512419319975544,50.0,0.7682943630056862,-0.14942144264310064,-0.27324462457593746,0.3624730689331731,7.8,9.1,4.3,0.47709236756946866,0.0761
DPM,DPM,San xuat,2026-Q1,False,0,2.412010869960065,1.91171382258521,0.19451656905012854,0.5365680085684729,0.349198997751073,50.0,1.2387949363333695,0.14147872787863938,0.1595235128246362,0.3624730689331731,7.5,8.8,4.0,0.4763306650707575,0.0252
DRC,DRC,San xuat,2025-Q2,False,0,1.251392684553277,0.6842583886405925,0.03858960579888591,1.3414149284890755,0.5729078226022485,3.3216801600014207,1.2635936205778733,0.006992556773673112,0.012681578667026128,0.10656026309835466,7.1,8.7,3.9,0.13520512130659312,0.0886
DRC,DRC,San xuat,2025-Q3,False,0,1.3321683705191671,0.7610764467027273,0.03666667396879547,1.1747034219429484,0.5401671832996112,4.788928575541194,1.193414949416159,0.04733710439338852,0.08570346921913667,0.10656026309835466,7.6,8.9,4.1,0.16500302614393003,0.0771
DRC,DRC,San xuat,2025-Q4,False,0,1.3521067319146918,0.6816379196079039,0.0997437067126093,1.1469450084702628,0.534221884559345,5.344936406043057,1.1593398440263472,0.09118105584824131,0.16806431950854733,0.10656026309835466,7.8,9.1,4.3,0.1758479401366252,0.0725
DRC,DRC,San xuat,2026-Q1,False,0,1.4241131707666448,0.7215296928082612,0.029543726352576693,1.0061422125920123,0.5015308517395873,1.9877318330416704,1.172189954812362,-0.048129815708886844,-0.08237090709555302,0.10656026309835466,7.5,8.8,4.0,0.1982959881919265,0.094
DXS,DXS,Bat dong san,2025-Q2,False,0,2.412319349328543,1.6648024280554214,0.0640272686747882,0.810673431810645,0.4477192946935684,5.405929842850687,0.24586424500386142,-0.03564310920154157,-0.2596246999989673,0.1296671496548854,7.1,8.7,3.9,0.5572617100073219,0.1311
DXS,DXS,Bat dong san,2025-Q3,False,0,2.2318451372144392,1.570794017369513,0.08959988914342493,0.9583957496606049,0.48937797675811817,1.995458969444625,0.20381828318946185,-0.0019414091726318162,-0.018645685325080458,0.1296671496548854,7.6,8.9,4.1,0.5295539500675936,0.1094
DXS,DXS,Bat dong san,2025-Q4,False,0,2.296108590923545,1.572195611667719,0.11263568780907744,0.9209208851226949,0.4794163529873189,0.6460302777855117,0.3775965104738601,-0.010729570406838947,-0.054491303503965936,0.1296671496548854,7.8,9.1,4.3,0.5410984134519486,0.0963
DXS,DXS,Bat dong san,2026-Q1,False,0,2.4878514134914984,1.682193483497569,0.06980791371848809,0.8122323495186095,0.4481943773569465,4.07036625297397,0.3424407612018771,-0.049629062540997054,-0.25982265319470044,0.1296671496548854,7.5,8.8,4.0,0.5745160946603568,0.1182
ELC,ELC,Dich vu,2025-Q2,False,0,2.666470828522146,2.396400861594082,0.49875808613994405,0.550264908189088,0.3549489543899109,1.019707705505627,0.4999262616145253,-0.19037596367872375,-0.5406697302158395,0.5997198975561007,7.1,8.7,3.9,0.3933508370155768,0.1154
ELC,ELC,Dich vu,2025-Q3,False,0,2.3065402074714,1.7403801698634223,0.25399108321701147,0.6575756522110525,0.3967092852346784,3.4950425139123826,0.7007052771905525,-0.11406247789141687,-0.25830913823185,0.5997198975561007,7.6,8.9,4.1,0.38165735365001835,0.0918
ELC,ELC,Dich vu,2025-Q4,False,0,2.453393003347624,2.1375868216573544,0.6005496096169035,0.6138000983151475,0.3803445661925365,6.300781817681662,1.2186100210286772,0.17464921147627213,0.21804146504141733,0.5997198975561007,7.8,9.1,4.3,0.4039575116497456,0.0229
ELC,ELC,Dich vu,2026-Q1,False,0,2.8359553112967584,2.275585165891945,0.37606878119181947,0.5035306459560894,0.33489882451707276,0.2517547704520654,0.1985528047367126,-0.18032958451517836,-1.2166469460830291,0.5997198975561007,7.5,8.8,4.0,0.4154697022407956,0.3334
FCN,FCN,Dich vu,2025-Q2,False,0,1.350535861520201,1.0021680742037413,0.12044568009195963,2.263930870471578,0.6936209620593102,0.15520812782948654,0.482146537106125,-0.025290907681816237,-0.1455350385623809,0.17099562569878177,7.1,8.7,3.9,0.17508669604823118,0.2269
FCN,FCN,Dich vu,2025-Q3,False,0,1.3566349891615326,0.992075700962325,0.09214916596174644,2.3045050716742157,0.6973828218416522,0.20160545747632092,0.4082829163103294,-0.0033636917120288263,-0.022981914983256854,0.17099562569878177,7.6,8.9,4.1,0.1762942588482849,0.2109
FCN,FCN,Dich vu,2025-Q4,False,0,1.4923440394226966,0.858066301433,0.13952945348048085,2.0825599367132894,0.6755943045616081,0.8785076315095192,0.6173147213813729,0.05245738392518298,0.22963916838238327,0.17099562569878177,7.8,9.1,4.3,0.2656847042512978,0.1215
FCN,FCN,Dich vu,2026-Q1,False,0,1.4239035087704208,0.8078254977133292,0.05946039429269926,2.1144491450548157,0.6789159323446267,0.5569560515617252,0.49853924059555355,-0.02180391769925299,-0.11877120923015166,0.17099562569878177,7.5,8.8,4.0,0.23044535005566816,0.2185
FPT,FPT,Dich vu,2025-Q2,False,0,1.3987978922402382,1.3437571513452258,0.26589119649666926,1.0381340021247694,0.509355126327566,14.278521397523486,0.8182855119758707,0.10123565401848483,0.2520631177591208,0.23319697160981948,7.1,8.7,3.9,0.18492317289408094,0.0627
FPT,FPT,Dich vu,2025-Q3,False,0,1.478064156758498,1.4215597702065834,0.27155166164755856,0.9317602816018244,0.48233742585762485,15.599740464232994,0.8317560404344453,0.10885145577511772,0.2524929350774623,0.23319697160981948,7.6,8.9,4.1,0.20966125523366896,0.0568
FPT,FPT,Dich vu,2025-Q4,False,0,1.4000611210004246,1.3472309327280625,0.2533925055147049,1.014764321521835,0.5036640319078816,22.86260756700165,0.9178576302982377,0.09254527913617461,0.20313271638269476,0.23319697160981948,7.8,9.1,4.3,0.18847440618929778,0.0605
FPT,FPT,Dich vu,2026-Q1,False,0,1.616112524374696,1.573515817266072,0.311080725806343,0.7094370238394878,0.4150120852338005,21.399109197075155,0.7278441640893617,-0.10004946222691694,-0.22819025277073068,0.23319697160981948,7.5,8.8,4.0,0.23082989517299882,0.1049
FRT,FRT,Thuong mai,2025-Q2,False,0,1.1007432312464427,0.4534634664644761,0.15935438852679001,4.426781643270004,0.8157287199421143,50.0,2.4860568413007695,0.03326581203872007,0.04366091365470453,0.10975435295864996,7.1,8.7,3.9,0.08217610619653327,0.0747
FRT,FRT,Thuong mai,2025-Q3,False,0,1.1080849265230217,0.4536471429535532,0.07237442786128634,4.408176851224103,0.815094804125413,50.0,2.6616603466760878,0.05634760059120812,0.06902253553753994,0.10975435295864996,7.6,8.9,4.1,0.08809650953374513,0.0607
FRT,FRT,Thuong mai,2025-Q4,False,0,1.1729565983563297,0.5308569472771867,0.1545051404418659,3.6144989212937495,0.7832917469358441,50.0,2.515410820629531,0.010904342082510142,0.013582323951135405,0.10975435295864996,7.8,9.1,4.3,0.13547043502860853,0.056
FRT,FRT,Thuong mai,2026-Q1,False,0,1.1759301315719648,0.47160119951562784,0.031439243706365375,3.720305456736884,0.7881493032251151,50.0,2.3232509094945155,-0.1272612035662611,-0.17269048040990342,0.10975435295864996,7.5,8.8,4.0,0.1386545385842155,0.0916
GAS,GAS,San xuat,2025-Q2,False,0,4.4915598091027995,4.268180297328626,0.7186481900572432,0.2887861776493035,0.2240760978489375,39.053465177638394,1.3575094899762379,0.23852843810267732,0.15748993883493317,0.07924987283417609,7.1,8.7,3.9,0.568826789903648,0.0061
GAS,GAS,San xuat,2025-Q3,False,0,3.18047906966108,3.072475126429372,0.5277042883484203,0.4141070263141143,0.2928399467708529,20.986943869053718,1.5209197002612118,0.13327301698269148,0.10264227149533141,0.07924987283417609,7.6,8.9,4.1,0.5124505995432803,0.011
GAS,GAS,San xuat,2025-Q4,False,0,3.397658163417939,3.183852813110328,0.3342355435071152,0.3830526353480521,0.27696171899607785,14.390957518862075,1.8674323751642476,0.018949436772556612,0.011241678472181707,0.07924987283417609,7.8,9.1,4.3,0.5271956417075296,0.0083
GAS,GAS,San xuat,2026-Q1,False,0,4.078675580388164,3.899050701792494,0.4315200866930893,0.31638639865055945,0.24034462751581925,30.42261924270136,1.6365995828629512,-0.020997003260325754,-0.012334151811827832,0.07924987283417609,7.5,8.8,4.0,0.5621625813432803,0.0072
GEX,GEX,San xuat,2025-Q2,False,0,1.491064807268015,0.9218882988237616,0.2142456373025675,1.3425628388097852,0.5731171077109367,1.7480561724692183,0.6839478337646394,0.0609386631707907,0.20425528766998308,0.2809707444645073,7.1,8.7,3.9,0.14783858257177643,0.1028
GEX,GEX,San xuat,2025-Q3,False,0,1.6029548273584635,1.1052890955224264,0.23467031449984208,1.3619444632335602,0.5766200198327376,1.2556575645033294,0.603278304727477,-0.07510684673112034,-0.28715179122005297,0.2809707444645073,7.6,8.9,4.1,0.18437083314414798,0.1878
GEX,GEX,San xuat,2025-Q4,False,0,1.8083798794171588,1.145164193819043,0.3973128958294186,1.4389724224319258,0.5899912640246711,0.8374537800639067,0.6324442697375509,0.057592197877349004,0.21490521931816406,0.2809707444645073,7.8,9.1,4.3,0.2394107465881471,0.0922
GEX,GEX,San xuat,2026-Q1,False,0,1.8520758163748945,1.1181336718982742,0.19391242584063903,1.5640086004410043,0.60998570760332,0.47417385972613113,0.4928665478095994,-0.05382098426492819,-0.26644154541754,0.2809707444645073,7.5,8.8,4.0,0.25891232494252,0.1994
GIL,GIL,San xuat,2025-Q2,False,1,7.706219858484911,3.1308047552858316,0.9027329208710783,0.40464045873460885,0.28807404501158623,-1.142110104237716,0.14840592920689377,-0.21063259585349323,-1.6354544383254426,0.48760603731259894,7.1,8.7,3.9,0.7457219113761127,0.7797
GIL,GIL,San xuat,2025-Q3,False,1,5.484725704758427,2.1851134481160743,0.6636294103872173,0.48815188470335696,0.3280255797281495,-0.642082431764035,0.2183156822471128,-0.15494463278040913,-0.9312350348891366,0.48760603731259894,7.6,8.9,4.1,0.7042222619210244,0.6613
GIL,GIL,San xuat,2025-Q4,False,0,6.560791310654731,2.534995421049294,0.6999269338228986,0.4329612331077608,0.3021444147297469,2.44301017251802,0.2743829062460765,-0.1058973044198873,-0.46644711951129014,0.48760603731259894,7.8,9.1,4.3,0.6967688829370196,0.0937
GIL,GIL,San xuat,2026-Q1,False,0,6.3306450784554755,2.200450737049016,0.6438011044969298,0.43811554772265654,0.30464558179378504,0.32526760402348565,0.20636379427882257,-0.1432643110357691,-0.8459786182610728,0.48760603731259894,7.5,8.8,4.0,0.6921994020646973,0.1885
GMD,GMD,Dich vu,2025-Q2,False,0,2.140373307231349,2.1100552367778147,1.1898581133732666,0.38524984566541426,0.2781085642210318,5.635303271113235,0.31305288238668766,0.17759209909541512,0.6310740002760042,0.16282947816782775,7.1,8.7,3.9,0.18824547380109358,0.0339
GMD,GMD,Dich vu,2025-Q3,False,0,2.379764754852228,2.346641680036028,0.8578520707985068,0.3618563979046985,0.26570818954291897,3.7251422415033177,0.32304377785887883,0.10096537753906944,0.33218194574412024,0.16282947816782775,7.6,8.9,4.1,0.18356678587976982,0.046
GMD,GMD,Dich vu,2025-Q4,False,0,2.649373972378408,2.609896024499849,0.69254205634861,0.3290027889338086,0.24755613131387844,5.50568415940834,0.3278157412996916,0.10867260034788939,0.3282645112194073,0.16282947816782775,7.8,9.1,4.3,0.19487623358293665,0.0398
GMD,GMD,Dich vu,2026-Q1,False,0,2.9794944579349014,2.930743633909081,0.9016459461145969,0.29627296364118233,0.22855754301081976,4.397253397467644,0.2878685989888687,0.0851866357214985,0.27054077070234805,0.16282947816782775,7.5,8.8,4.0,0.20557287955545933,0.0379
HAG,HAG,San xuat,2025-Q2,False,1,0.7982437158293735,0.7445083963838636,0.014119837126873827,1.5065152004291193,0.6010397224685499,4.681595325389127,0.3580068074240229,-0.0698664788794076,-0.4691813474462571,0.7299874816291131,7.1,8.7,3.9,-0.10641323329045979,0.8191
HAG,HAG,San xuat,2025-Q3,False,0,1.0072214622176014,0.9431113873228055,0.07253956322807611,1.088509735120897,0.5211896869888838,2.950945894118764,0.2732714229211666,-0.003616874189310923,-0.027592750188869045,0.7299874816291131,7.6,8.9,4.1,0.0030348388150239604,0.2011
HAG,HAG,San xuat,2025-Q4,False,0,0.8193761286403288,0.7433564514569864,0.06715122842416962,0.8601406516643415,0.4624062437938441,11.186843638729021,0.2774192876345627,0.18623277849082984,1.2416613178918254,0.7299874816291131,7.8,9.1,4.3,-0.06928312375701647,0.0392
HAG,HAG,San xuat,2026-Q1,False,0,0.9306011133472512,0.9050820153310684,0.03970671678902745,0.6429070219075813,0.39132282797178697,10.342506335873534,0.2721353462293706,0.014088387850716196,0.08103479171954207,0.7299874816291131,7.5,8.8,4.0,-0.02215755887259646,0.1631
HDC,HDC,Bat dong san,2025-Q2,False,0,1.05368106184151,0.41531815352444446,0.006556474626549637,1.0925325756286544,0.5221101876038549,2.6824349816412085,0.06546270891055633,-0.0011033451098246914,-0.035199748490058004,2.0,7.1,8.7,3.9,0.024147855937236166,0.2866
HDC,HDC,Bat dong san,2025-Q3,False,0,1.7821096421722835,0.950625409654018,0.16263808529929366,0.8756439833761107,0.46684978126817767,11.148248114478497,0.07550084346256614,-0.22960501499131625,-2.0,2.0,7.6,8.9,4.1,0.2494210938302297,0.8194
HDC,HDC,Bat dong san,2025-Q4,False,0,1.6444062594906566,0.8714651100484385,0.2602637952520363,1.0710535093588054,0.5171539530576406,0.9695575931004926,0.11528277729083834,-0.14679851741854424,-2.0,2.0,7.8,9.1,4.3,0.2030572574965122,0.8331
HDC,HDC,Bat dong san,2026-Q1,False,0,1.7221522950788724,0.7777144244946851,0.018769421316511634,0.9120874917581836,0.47701137928553156,1.364775190580497,0.1736775574869955,-0.10109194788098096,-1.1106100336994555,2.0,7.5,8.8,4.0,0.19583187270658778,0.5549
HPG,HPG,San xuat,2025-Q2,False,0,1.129431691463935,0.5641783354503003,0.12366469045032218,0.9796135256571864,0.4948508953695783,2.2704003286602386,0.5930120946042428,0.027406680992977203,0.09148022950549879,0.06028546468712084,7.1,8.7,3.9,0.04618215771318573,0.1474
HPG,HPG,San xuat,2025-Q3,False,0,1.1474534955714089,0.5988500691135492,0.10933387335122022,0.9305131507407234,0.48200301064185574,2.0150097774375046,0.5915784779360759,0.06990330111694612,0.22782168620957205,0.06028546468712084,7.6,8.9,4.1,0.049813740981011274,0.1199
HPG,HPG,San xuat,2025-Q4,False,0,1.1005787213331077,0.5396877519358662,0.08813270184572164,0.9653953622982544,0.4911965199558423,2.0776814263459076,0.7161943023226187,0.06760619468304667,0.18546881731997228,0.06028546468712084,7.8,9.1,4.3,0.03673192629207816,0.1188
HPG,HPG,San xuat,2026-Q1,False,0,1.2083521531129953,0.7045236668611073,0.1326299917073942,0.85523090033196,0.4609835358924498,4.809979503779626,0.8159697257064992,0.05702216804046144,0.12885909768177073,0.06028546468712084,7.5,8.8,4.0,0.06939233948678697,0.1034
HQC,HQC,Bat dong san,2025-Q2,False,0,1.9195452376008875,1.4992848252126363,0.009607244400551959,0.8270220632859996,0.45266123486136506,-0.2522894681062577,0.0,-0.07082541700926827,2.0,2.0,7.1,8.7,3.9,0.31759104426330353,0.0085
HQC,HQC,Bat dong san,2025-Q3,False,0,1.82320567814291,1.4176363850169522,0.00783499683519947,0.8241383674285415,0.4517959723583448,0.11962259181394667,0.008151826197622685,0.006034979520580531,1.3378987110684624,2.0,7.6,8.9,4.1,0.2900366872697472,0.0239
HQC,HQC,Bat dong san,2025-Q4,False,0,2.172344569007649,1.583045173102377,0.01428888118637221,0.6422522192547642,0.39108013478356635,0.9902547957249631,0.008236157497863465,0.050357755162356695,2.0,2.0,7.8,9.1,4.3,0.32618378613324694,0.0076
HQC,HQC,Bat dong san,2026-Q1,False,0,1.8843743508966437,1.3646407437004462,0.00967525145158748,0.6472986003641954,0.3929455171157715,0.1359788825959695,0.0023176343068674163,0.018850162058598362,2.0,2.0,7.5,8.8,4.0,0.28440809631070696,0.0089
HT1,HT1,San xuat,2025-Q2,False,0,0.6530809366681259,0.4306281317677338,0.2893983658333956,0.6332526742726342,0.38772486599763384,50.0,0.9541471010305391,0.21888907305754446,0.35578889849550077,0.2111873338964146,7.1,8.7,3.9,-0.13357806600638306,0.0827
HT1,HT1,San xuat,2025-Q3,False,0,0.6853036700671005,0.46989104892661376,0.2546601034042153,0.6262491409543787,0.3850880687241186,50.0,0.9174948817642782,-0.01596739666672424,-0.026807142218022852,0.2111873338964146,7.6,8.9,4.1,-0.12032898519397135,0.1385
HT1,HT1,San xuat,2025-Q4,False,0,0.6736840189655285,0.396214071928609,0.21063582555439242,0.4935415056807471,0.3304504788139744,46.87039626308444,1.0419358123392846,0.12591890404393372,0.15974098074094945,0.2111873338964146,7.8,9.1,4.3,-0.10562174077108503,0.0956
HT1,HT1,San xuat,2026-Q1,False,0,0.7647926850999338,0.5314468239147169,0.2049163411573452,0.5420591065414377,0.35151642647289905,40.84063828409616,0.9338180854701198,-0.08058284567989692,-0.12133495544436351,0.2111873338964146,7.5,8.8,4.0,-0.08101098810123347,0.1431
HUT,HUT,Bat dong san,2025-Q2,False,0,1.5396470257630577,1.1324242979991777,0.2601474108254883,1.7311040546294802,0.6338477114026816,0.24191622464832416,1.0649524614812844,-0.004533558021223168,-0.010793290706203324,0.027803642518202488,7.1,8.7,3.9,0.16957054202269495,0.097
HUT,HUT,Bat dong san,2025-Q3,False,0,1.7329706754583707,1.3408319557628787,0.2757067501596009,1.5661877411944471,0.6103168977284008,0.8654483444037805,1.0396430230249607,0.007163465730212514,0.016821097567610178,0.027803642518202488,7.6,8.9,4.1,0.23133057442116653,0.0794
HUT,HUT,Bat dong san,2025-Q4,False,0,1.5815542273117666,1.2445741813812712,0.2749523182227166,1.911064910610172,0.656483097867304,-0.21330702649122157,0.9048324347034095,-0.016503490734785548,-0.04789511210104963,0.027803642518202488,7.8,9.1,4.3,0.1961294111630297,0.1152
HUT,HUT,Bat dong san,2026-Q1,False,0,1.6185878913626923,1.2817525543648405,0.23618593120121345,1.9291210349399388,0.6586006559402879,0.05683331917139038,0.8254051438144319,0.0008706159782795896,0.0027786996902744903,0.027803642518202488,7.5,8.8,4.0,0.2027146202396335,0.1137
HVN,HVN,Dich vu,2025-Q2,False,1,0.3882377031303867,0.3243570761723932,0.12195181951074398,-10.0,1.0497119579553948,7.67594721857501,1.7967639936737134,0.032973072314626324,0.07705459018782339,0.039762338858459784,7.1,8.7,3.9,-0.5501016917882683,0.0257
HVN,HVN,Dich vu,2025-Q3,False,0,0.5759521017901542,0.522424777537854,0.28730619839484683,10.576894186967632,0.9136210469017051,2.2543628419698925,1.647528240029477,0.07126663261306575,0.15808092126164316,0.039762338858459784,7.6,8.9,4.1,-0.3263442782736948,0.5716
HVN,HVN,Dich vu,2025-Q4,False,0,0.5679363585623274,0.5006795439365505,0.17535282102679442,9.873480589757127,0.9080331277786061,1.6035583219860976,1.7648196959475355,0.04489451663122247,0.09239631323327996,0.039762338858459784,7.8,9.1,4.3,-0.33321302697816196,0.5187
HVN,HVN,Dich vu,2026-Q1,False,0,0.6166185053961637,0.5508331829783969,0.17170713913361998,6.039027464060562,0.8579349199721497,17.653249299843075,1.865979537134116,0.07959352047279236,0.14638115640218569,0.039762338858459784,7.5,8.8,4.0,-0.28098240945462166,0.2101
IDI,IDI,San xuat,2025-Q2,False,0,1.5535567133335917,1.2750421136371095,0.15467272218741138,1.569592013370568,0.6108331615304615,0.4678674491606238,0.8621425779531117,0.01039176570738193,0.02945051207652644,0.10539890079244318,7.1,8.7,3.9,0.26851356639504126,0.0921
IDI,IDI,San xuat,2025-Q3,False,0,1.5215000272296173,1.2349639747347578,0.10222575770641278,1.5966818298881413,0.6148931345804974,0.4839140259786675,0.7298446499916761,-0.011898812968538333,-0.040098935597294875,0.10539890079244318,7.6,8.9,4.1,0.2565395334425579,0.1178
IDI,IDI,San xuat,2025-Q4,False,0,1.4886559667197667,1.1893403598802197,0.11997744593934492,1.6511387953103025,0.6228036035801154,0.6424825644693661,0.7372427316277056,-0.027905963502308572,-0.09429694663650892,0.10539890079244318,7.8,9.1,4.3,0.24903270166207309,0.1307
IDI,IDI,San xuat,2026-Q1,False,0,1.4455046353125547,1.1542898009025082,0.10579725683179383,1.702610826294394,0.6299874216921121,0.5713941001723325,0.6007585530381262,0.03573186959865049,0.14988136772653815,0.10539890079244318,7.5,8.8,4.0,0.23150637276145705,0.1113
IJC,IJC,Bat dong san,2025-Q2,False,0,2.2420272706917497,0.39874207265623507,0.056183243707270535,0.491830871690274,0.3296827281319228,2.6333479743111297,0.08872683994481592,0.03665587620085521,0.5448096325973143,0.6241617170385462,7.1,8.7,3.9,0.3173304734458826,0.0987
IJC,IJC,Bat dong san,2025-Q3,False,0,2.3513978614506903,0.41929088627839706,0.11215339609933944,0.5290743350862428,0.3460095581660534,6.285979787893487,0.327340244211583,0.04702278816271757,0.19881862305205802,0.6241617170385462,7.6,8.9,4.1,0.3562317521153705,0.1233
IJC,IJC,Bat dong san,2025-Q4,False,0,6.316640210189703,2.44636940218222,0.9692461333260138,0.2813011414808309,0.21954334728502958,1.777064617037893,0.23611559640269425,-0.22180481065363125,-0.8249479715311977,0.6241617170385462,7.8,9.1,4.3,0.49010365710142095,0.1781
IJC,IJC,Bat dong san,2026-Q1,False,0,5.523726268798875,2.1382408655693212,0.737276005761404,0.280429865342034,0.2190122809007773,1.4583793057810457,0.09695926081247877,-0.053160881436393755,-0.4803207367926605,0.6241617170385462,7.5,8.8,4.0,0.4847053355383658,0.1481
IMP,IMP,San xuat,2025-Q2,False,0,2.633542966741616,1.6041569844556474,0.4051482834512236,0.4254768427897845,0.29848036110996273,5.67174790155,0.8366051901487657,0.0668965748104381,0.09546827603538344,0.1357968628607305,7.1,8.7,3.9,0.3487997179639551,0.0505
IMP,IMP,San xuat,2025-Q3,False,0,2.807082605582415,1.5347966909970483,0.2936130796519662,0.3494275122799206,0.2589450037887152,7.474256674044118,0.7731285031073576,-0.044054153845540386,-0.05902047583858397,0.1357968628607305,7.6,8.9,4.1,0.3601471044532662,0.0669
IMP,IMP,San xuat,2025-Q4,False,0,4.047477299921399,2.227776795783826,0.5079936009844165,0.20641999920326792,0.1711012742988261,16.837728410625,0.9211112917912953,0.34128975629274255,0.2535854797448523,0.1357968628607305,7.8,9.1,4.3,0.40787929759494324,0.0246
IMP,IMP,San xuat,2026-Q1,False,0,4.551786097157816,2.664454286350363,0.22381352292421275,0.1859604833284223,0.1568015848272789,12.778325546625,0.7745258289261441,0.23398310303016062,0.1894781039325788,0.1357968628607305,7.5,8.8,4.0,0.42638046932498497,0.0247
KDH,KDH,Bat dong san,2025-Q2,False,0,8.3396700689397,1.7952080513054254,0.6998254034845787,0.5858519439157219,0.3694241105945615,0.43841942848636406,0.13429437800469163,-0.10962256194558659,-1.2062222722809965,1.2331295531624293,7.1,8.7,3.9,0.8255768625664849,0.3302
KDH,KDH,Bat dong san,2025-Q3,False,0,9.049066220448246,2.220664412115226,0.7034238589874209,0.6233783554512273,0.38400065724539967,1.0002035377333511,0.1327950898591682,-0.05610934605407643,-0.649000675709468,1.2331295531624293,7.6,8.9,4.1,0.8226335663950246,0.1492
KDH,KDH,Bat dong san,2025-Q4,False,0,8.994405541640711,2.377843867480327,0.7237491553830404,0.6099777803825019,0.37887341540675307,1.4340234810101444,0.21055911294532775,0.09840488421032549,0.7082665585346138,1.2331295531624293,7.8,9.1,4.3,0.8247844101237176,0.0191
KDH,KDH,Bat dong san,2026-Q1,False,0,10.0,2.4114722034636715,1.0647335911727815,0.8519588793787801,0.46003120742322345,0.07139720487422958,0.028233601203334995,-0.03455713334272576,-2.0,1.2331295531624293,7.5,8.8,4.0,0.8508530901572817,0.5844
KSB,KSB,San xuat,2025-Q2,False,0,1.8136029591032434,1.7973743710912127,0.03798170356861066,0.8400513818185136,0.4565369152834716,1.275349864654774,0.11455429195347183,0.08537887814051537,1.3610527896227977,0.7315354260821789,7.1,8.7,3.9,0.16937121736581803,0.0191
KSB,KSB,San xuat,2025-Q3,False,0,1.775227523279487,1.7566378566608152,0.03437289666966339,0.849529501858704,0.45932195242355445,1.4437489042807587,0.20482912961295796,0.03027100461139168,0.27152655418103655,0.7315354260821789,7.6,8.9,4.1,0.1697679375469698,0.0854
KSB,KSB,San xuat,2025-Q4,False,0,1.7503300653857423,1.7360796262133182,0.33786198374304566,0.8601189784490303,0.46239998000891247,1.2058359313532092,0.13997804960235305,0.07028207111978015,0.9286721274683342,0.7315354260821789,7.8,9.1,4.3,0.1736515902461069,0.0362
KSB,KSB,San xuat,2026-Q1,False,0,2.1256916175575062,2.1079759560561038,0.20330404058873386,0.9738645175242571,0.49337961591494545,0.4982507042846521,0.14598006920271633,-0.022409539923629,-0.30295670527453017,0.7315354260821789,7.5,8.8,4.0,0.2252848568000665,0.1633
MSN,MSN,San xuat,2025-Q2,False,0,0.8844767968723398,0.6059277671268823,0.2858619433198271,1.9649057472530753,0.6627211502670938,0.5187679792581583,0.5933635843856311,0.016458968589861886,0.07353135165769958,0.08028660065134181,7.1,8.7,3.9,-0.034540518781283926,0.1995
MSN,MSN,San xuat,2025-Q3,False,0,0.8558971910399992,0.5820285660092488,0.3524730942760244,1.8238842940820352,0.6458778420575934,0.7212721115948212,0.6976057733384428,0.01599655628105198,0.059241604046451714,0.08028660065134181,7.6,8.9,4.1,-0.04469435487865638,0.1832
MSN,MSN,San xuat,2025-Q4,False,0,0.9000687449970471,0.6203140907371861,0.300611252941224,1.860848498459714,0.6504533530739562,0.8147145697571515,0.7210066197891489,-0.013769392774903529,-0.04968801924646684,0.08028660065134181,7.8,9.1,4.3,-0.031194797466634873,0.2021
MSN,MSN,San xuat,2026-Q1,False,0,0.7544431170300459,0.4823884488261899,0.17003109107980804,1.8255636350108848,0.6460883104492008,0.7275232362275735,0.7350101753439505,0.0411309372257167,0.14461959102495386,0.08028660065134181,7.5,8.8,4.0,-0.07823249050589383,0.1704
MWG,MWG,Thuong mai,2025-Q2,False,0,1.4893253136042275,1.0246471683542713,0.11827086459848084,1.6985925592467401,0.6294364643623227,50.0,1.8577441382165567,0.028295842881343566,0.0383485215923928,0.03481858571984498,7.1,8.7,3.9,0.3079991953180297,0.0405
MWG,MWG,Thuong mai,2025-Q3,False,0,1.5492549344231075,1.052232166067063,0.11364546560131769,1.5250178898404054,0.6039632019941034,50.0,1.9854653256171664,0.057243607518309925,0.06965225137780824,0.03481858571984498,7.6,8.9,4.1,0.3317297689052412,0.0316
MWG,MWG,Thuong mai,2025-Q4,False,0,1.5206304450628974,0.983558959769884,0.09848285874069743,1.5303027073433821,0.6047903687184049,50.0,2.0165774740424993,-0.012051953494564104,-0.01445797246389529,0.03481858571984498,7.8,9.1,4.3,0.3148722788356169,0.0363
MWG,MWG,Thuong mai,2026-Q1,False,0,1.598682214039466,1.0243998737070825,0.09474692739090086,1.3375103363199792,0.5721944051061039,50.0,2.2126172395837016,0.024827806340527635,0.025682402947887446,0.03481858571984498,7.5,8.8,4.0,0.3425626133099174,0.0257
NHA,NHA,Bat dong san,2025-Q2,False,0,0.7072948709883868,0.3216794251305041,0.030235844104642945,0.42563208821019444,0.29855675368850104,11.316853190702105,0.3744034176236256,0.12327056026808908,0.39319361487239834,2.0,7.1,8.7,3.9,-0.06728249959569947,0.1253
NHA,NHA,Bat dong san,2025-Q3,False,0,0.6003862698791339,0.3606938097020511,0.03273940014649513,0.5166249918780638,0.3406412228762747,4.315724847974,0.4327775750610754,0.0300955249143287,0.09475330516812057,2.0,7.6,8.9,4.1,-0.07557074618001615,0.1766
NHA,NHA,Bat dong san,2025-Q4,False,0,0.5856074877851378,0.4022070148547395,0.22202337439272732,0.7298414466603151,0.4219123365724468,0.43178023519036507,0.09924211489026631,0.24087887772425065,2.0,2.0,7.8,9.1,4.3,-0.1119020937845071,0.0181
NHA,NHA,Bat dong san,2026-Q1,False,0,1.022223697022403,0.8314872217455728,0.15541850795072726,0.6386162748475122,0.38972899552516715,0.06591236123784294,0.0462113567608526,-0.10742820198264814,-2.0,2.0,7.5,8.8,4.0,0.0046985299573587035,0.8489
NT2,NT2,Dich vu,2025-Q2,False,0,1.6329139571748517,1.5548021806127115,0.00469472043142577,1.0295603247148244,0.5072824454525583,50.0,0.9552958940562418,0.11327614986054105,0.2406081829524651,0.18512180294024932,7.1,8.7,3.9,0.32106613995671446,0.0456
NT2,NT2,Dich vu,2025-Q3,False,0,1.8399071279001622,1.7478145860483123,0.0011778640263223532,0.8463938012908957,0.4584037276875303,50.0,0.9266271775789817,0.18376583408385203,0.3636368343339069,0.18512180294024932,7.6,8.9,4.1,0.38501655834076165,0.0323
NT2,NT2,Dich vu,2025-Q4,False,0,1.8200214976373288,1.7397968755429174,0.005053089525148457,0.9083239836585807,0.47597996537106324,50.0,1.0878614025368134,-0.006709498494280303,-0.01174262402735322,0.18512180294024932,7.8,9.1,4.3,0.39031380404894317,0.0483
NT2,NT2,Dich vu,2026-Q1,False,0,1.849304928305849,1.772102584921547,0.00013342062518976173,0.9027840972057348,0.4744543001654712,50.0,0.9059098220953177,0.18905438171182257,0.39605559926851464,0.18512180294024932,7.5,8.8,4.0,0.4029563753864372,0.0311
NVL,NVL,Bat dong san,2025-Q2,False,1,1.9654376553868398,0.514740612455766,0.04161321160208286,3.5916830141238645,0.7822149314480044,-0.17696951829024232,0.03246343331465179,-0.03546766902618895,-2.0,2.0,7.1,8.7,3.9,0.4186584802750011,0.9885
NVL,NVL,Bat dong san,2025-Q3,False,1,1.7820039009566175,0.44715323266715123,0.033639800994372776,3.714721780719284,0.7878984070514042,-0.3243257651149486,0.028101960972112046,-0.00861772678292857,-0.9664653952671601,2.0,7.6,8.9,4.1,0.3723860481231355,0.9532
NVL,NVL,Bat dong san,2025-Q4,False,1,2.1547826348854957,0.5576048131706501,0.04578766788093694,3.243422642047185,0.7643411735396777,1.1141199405817108,0.025094668312314806,0.015375764341538518,1.8732791546981815,2.0,7.8,9.1,4.3,0.44358543219091895,0.1831
NVL,NVL,Bat dong san,2026-Q1,False,1,2.04292332580892,0.517320663976303,0.04458468070199189,3.230614802398679,0.7636277357529646,0.5030278571390823,0.0566735705769448,-0.0022580537681287614,-0.12170134816711747,2.0,7.5,8.8,4.0,0.4175179252008851,0.8179
PAN,PAN,San xuat,2025-Q2,False,0,1.3758160008811133,0.9916498065351367,0.23117694582814127,1.3075131954120447,0.5666330307500437,34.57458064007665,0.7779569633007469,0.4364166724900809,1.2714744566522032,0.4025731338903848,7.1,8.7,3.9,0.20407106134483233,0.0189
PAN,PAN,San xuat,2025-Q3,False,0,1.5185131045260245,1.0667364156771677,0.32780846337797703,1.0665406276435807,0.5160995208014505,7.4264559278551525,1.1490379281301304,0.36200341332765085,0.6503868447612505,0.4025731338903848,7.6,8.9,4.1,0.24199431811163105,0.0284
PAN,PAN,San xuat,2025-Q4,False,0,1.8017418879522926,1.227837583014931,0.46122794608245826,0.7180041758540123,0.4179292378594456,13.978208789739503,1.1032904321186159,0.5336487048212005,0.8085899777534795,0.4025731338903848,7.8,9.1,4.3,0.29278643475958804,0.0189
PAN,PAN,San xuat,2026-Q1,False,0,2.264685910121945,1.5852970909714024,0.7344410286473131,0.5792498954505952,0.3667879903739505,27.00640994164492,0.990450447708685,0.20353244124067849,0.30149213530581354,0.4025731338903848,7.5,8.8,4.0,0.412872973549418,0.0326
PDR,PDR,Bat dong san,2025-Q2,False,0,2.7544372004770983,0.8965840777199324,0.0033190409705610244,1.0434284101901892,0.5106263595958684,0.29460649369040504,0.0032901021563363324,-0.11984314908993575,-2.0,2.0,7.1,8.7,3.9,0.5498476994470511,0.8056
PDR,PDR,Bat dong san,2025-Q3,False,0,2.7995892798907787,0.8293405608409463,0.015259543954231595,1.0304879781425604,0.5075075495326129,0.32857946215623934,0.08356608518089946,-0.010711778174377231,-0.2602160089537223,2.0,7.6,8.9,4.1,0.5642275035355082,0.2227
PDR,PDR,Bat dong san,2025-Q4,False,0,2.3568296836943614,0.7273571719372435,0.036647921712246845,1.1949759747879167,0.5444141478147058,1.2230597024361725,0.05288966828103771,-0.06217517081282923,-2.0,2.0,7.8,9.1,4.3,0.5103724008277972,0.8225
PDR,PDR,Bat dong san,2026-Q1,False,0,2.213218313437728,0.7917201853568704,0.01748183092660149,1.118516180483291,0.5279715070328739,1.6941142853671944,0.015688976167401874,-0.04883542058195463,-2.0,2.0,7.5,8.8,4.0,0.4832598532565292,0.8231
PET,PET,Thuong mai,2025-Q2,False,0,1.149208260741233,0.955800757020273,0.1450354751364559,3.7104089136730574,0.7877042060834109,50.0,1.6448326400977857,-0.09466343785599271,-0.18133586686861472,0.08530036815786345,7.1,8.7,3.9,0.11721595100777285,0.1381
PET,PET,Thuong mai,2025-Q3,False,0,1.1663753446306577,1.0107945586819327,0.10476079492830964,3.554704254085507,0.7804467767357203,50.0,1.8692688995455973,-0.11687274769403558,-0.19518424395383718,0.08530036815786345,7.6,8.9,4.1,0.12917988831453023,0.1073
PET,PET,Thuong mai,2025-Q4,False,0,1.1493291002150203,0.9973175413087116,0.13743068137916212,4.046951733022153,0.8018605976639305,50.0,2.265422312263386,-0.006118710421950275,-0.008663025466497899,0.08530036815786345,7.8,9.1,4.3,0.11939367517348824,0.0671
PET,PET,Thuong mai,2026-Q1,False,0,1.1564538859161717,1.0203870511426627,0.05741462895075878,3.989764602691888,0.7995897442816204,50.0,1.8146320649186312,-0.08276404132433823,-0.14587481378206218,0.08530036815786345,7.5,8.8,4.0,0.1244333298504062,0.1183
PGV,PGV,Dich vu,2025-Q2,False,0,1.4271288364957582,1.1798160018562083,0.049137201642141165,2.4011883740950086,0.7059851175499561,0.44713791502033234,0.9030146430128441,-0.003482810023421466,-0.010891571084985811,0.15856214916571856,7.1,8.7,3.9,0.09453086418892749,0.138
PGV,PGV,Dich vu,2025-Q3,False,0,1.3763736673843778,1.137495580590199,0.12897466339247352,2.2122122323254017,0.6886880667669724,0.09364929406560489,0.661731333217782,0.07422955397060355,0.3090136764260803,0.15856214916571856,7.6,8.9,4.1,0.08305716743670234,0.1094
PGV,PGV,Dich vu,2025-Q4,False,0,1.4511092609442542,1.2850492113873624,0.14919641446150805,2.07382337837359,0.6746722641789795,1.800230715543678,0.9214263818133258,0.01972707901113132,0.05777700020216683,0.15856214916571856,7.8,9.1,4.3,0.11779172574055483,0.1069
PGV,PGV,Dich vu,2026-Q1,False,0,1.4341399012975438,1.2566788054637892,0.07076351755404384,1.8473679228271085,0.6487984598045499,0.579817575163035,0.7813129079691357,-0.011823917239174328,-0.03927409474686837,0.15856214916571856,7.5,8.8,4.0,0.11342220898395619,0.1316
PLX,PLX,Thuong mai,2025-Q2,False,0,1.0468958093016727,0.7584064537156854,0.1850702407185951,2.093363355318505,0.6767272754166844,46.25673903176206,3.5089709012106445,0.03714353514362316,0.028653464556705987,0.044949880322643465,7.1,8.7,3.9,0.03128066279989373,0.013
PLX,PLX,Thuong mai,2025-Q3,False,0,1.0555909395348368,0.7863988533960812,0.20438216970384573,2.168719367689054,0.684415095196865,17.357431078442556,3.6530270604145088,-0.012761441532876644,-0.009563710399212794,0.044949880322643465,7.6,8.9,4.1,0.03747359753854483,0.012
PLX,PLX,Thuong mai,2025-Q4,False,0,1.0759984600164296,0.8255780624204274,0.19286294153679256,1.9042738755134823,0.6556798556667808,17.077851198544323,3.813067080036928,0.0914289916399535,0.0628870636513045,0.044949880322643465,7.8,9.1,4.3,0.0489991755801042,0.0083
PLX,PLX,Thuong mai,2026-Q1,False,0,1.0484773062649893,0.6577310573984956,0.13177798281682393,2.6723653615883634,0.7276959393910953,-9.447102612889722,3.721901894963452,0.1214651814004782,0.09499414200265882,0.044949880322643465,7.5,8.8,4.0,0.03480039445207066,0.0119
PNJ,PNJ,Thuong mai,2025-Q2,False,0,3.037195614366917,0.3875686290268241,0.06695316931163613,0.43313775200526566,0.3022303692713513,50.0,1.7681119574848898,0.024479433889180106,0.016737465775424485,0.18769701461817317,7.1,8.7,3.9,0.6144479825135535,0.0339
PNJ,PNJ,Thuong mai,2025-Q3,False,0,3.103754546181562,0.6370969581197502,0.11585416374389114,0.42183759911082636,0.2966847967550096,50.0,1.9085435231647045,0.3602079181252155,0.22397857147384978,0.18769701461817317,7.6,8.9,4.1,0.6226884666287426,0.0192
PNJ,PNJ,Thuong mai,2025-Q4,False,0,2.707763751849338,0.4042141127805319,0.07593847102836916,0.5189274347204769,0.34164070176003725,50.0,1.908980157038769,-0.24605589828732072,-0.17614161038420764,0.18769701461817317,7.8,9.1,4.3,0.5822221631932472,0.0408
PNJ,PNJ,Thuong mai,2026-Q1,False,0,3.441812890200477,0.8990286531702825,0.17500328604326737,0.36744347868327576,0.2687083483970325,50.0,3.5028525447418986,0.6723454008124493,0.20630594054077267,0.18769701461817317,7.5,8.8,4.0,0.6543592837466264,0.0034
POM,POM,San xuat,2025-Q2,False,1,0.24632176703167846,0.1947069514727478,0.04416634144796201,-10.0,1.000430277268272,-1.8168439807256032,0.194461350980171,0.008075373775300607,0.1661790044005754,0.2081157738176507,7.1,8.7,3.9,-0.6969529587305267,0.1209
POM,POM,San xuat,2025-Q3,False,1,0.20342270877638985,0.15600332744292797,0.0026299619770786334,-10.0,1.0206870208272159,-3.50789546953915,0.08985754919968278,0.010242737057120943,0.4653867756271371,0.2081157738176507,7.6,8.9,4.1,-0.7502880952320907,0.094
POM,POM,San xuat,2025-Q4,False,1,0.21118241857462283,0.17057508877991795,0.002729106620374193,-10.0,1.071190680389443,-20.0,0.231463524087985,0.0008780232753343737,0.016253625333133292,0.2081157738176507,7.8,9.1,4.3,-0.8440599580013056,0.159
POM,POM,San xuat,2026-Q1,False,1,0.3020320269702928,0.22916905838805432,0.03350238627979102,-10.0,1.0784995456825122,-2.3763351433032653,0.18271005741777108,0.016933984063462405,0.3998311724522012,0.2081157738176507,7.5,8.8,4.0,-0.7035696116189986,0.0883
PVD,PVD,Dich vu,2025-Q2,False,0,1.8385978277256751,1.5325292392343586,0.3565757712093265,0.4779561193327873,0.32338992550641976,1.3881325981386872,0.39512698310641864,0.03457428088534783,0.11318866691459864,0.14010623646744944,7.1,8.7,3.9,0.15873527225320308,0.0899
PVD,PVD,Dich vu,2025-Q3,False,0,1.638842718464609,1.3266605467112011,0.2663872922054787,0.568227194004187,0.362337291545953,1.308932326203705,0.38202316792549196,0.031866624518778114,0.12089807517744987,0.14010623646744944,7.6,8.9,4.1,0.1250193114717993,0.1037
PVD,PVD,Dich vu,2025-Q4,False,0,1.4589310366766843,1.2268026654254436,0.2751471631348867,0.655713392048536,0.3960307352694978,1.3920369294675745,0.6140239284865169,0.09873923074279355,0.2547377607735806,0.14010623646744944,7.8,9.1,4.3,0.1073049879297723,0.076
PVD,PVD,Dich vu,2026-Q1,False,0,1.664838953810381,1.4315511636991627,0.21960874996860738,0.6932760769461561,0.40942885001746904,1.1289344712166867,0.4605033900318972,-0.023986596396976152,-0.0853049492466656,0.14010623646744944,7.5,8.8,4.0,0.1462232864320119,0.1238
PVS,PVS,Dich vu,2025-Q2,False,0,1.721087344671115,1.6271877559519905,0.8582766262646784,1.3721941469163574,0.5784493434907461,7.204696831153494,0.8238175102014309,0.01700468266379621,0.047759837106333476,0.03073341378465496,7.1,8.7,3.9,0.29805857323655416,0.0734
PVS,PVS,Dich vu,2025-Q3,False,0,1.6307685790190547,1.4641692017498695,0.7068666810046812,1.5452949940208887,0.6071182309519785,6.236758821480965,0.9828020725639571,0.0026765582228998586,0.006613690950356377,0.03073341378465496,7.6,8.9,4.1,0.28390582943177556,0.0767
PVS,PVS,Dich vu,2025-Q4,False,0,1.5884294803947374,1.399632806176316,0.6764743690194838,1.3892524387526988,0.5814590439334043,14.14557804215496,1.0018537123702398,0.025767011247230746,0.059818959753674,0.03073341378465496,7.8,9.1,4.3,0.2597761133872673,0.0703
PVS,PVS,Dich vu,2026-Q1,False,0,1.575323440853838,1.4071564227233833,0.622175104330266,1.4424002525217665,0.5905666980800937,8.647672294592285,0.8542812851974315,-0.0011582312998870688,-0.0032027522842396805,0.03073341378465496,7.5,8.8,4.0,0.25959520413131015,0.0888
PVT,PVT,Dich vu,2025-Q2,False,0,1.875410804462134,1.7990853823641764,0.2690822278196102,0.9380404891091387,0.4840149080375141,1.0314036935787314,0.8139646777679638,0.06017348153944694,0.14312592636564048,0.04872318920053307,7.1,8.7,3.9,0.18723838188220301,0.0575
PVT,PVT,Dich vu,2025-Q3,False,0,1.9315133669291895,1.8594144269861015,0.41221840992511327,0.8751214481353461,0.46670120967662243,1.0029075086410961,0.8474487437232684,0.11426144855613411,0.25170115198360304,0.04872318920053307,7.6,8.9,4.1,0.1883056112971407,0.0455
PVT,PVT,Dich vu,2025-Q4,False,0,1.849368714703318,1.7644405664679237,0.467012852372818,0.9415395085793334,0.48494481024920183,0.8199181799306735,0.7968433005815168,0.08558202502037601,0.20833485757594317,0.04872318920053307,7.8,9.1,4.3,0.15485998406258106,0.0556
PVT,PVT,Dich vu,2026-Q1,False,0,1.9952363886146558,1.9054945191761763,0.38357744551601647,0.8741367382307331,0.4664210035474553,0.9541128572947956,0.7505874120053653,0.06514622965439197,0.16192954652171704,0.04872318920053307,7.5,8.8,4.0,0.1813769411306416,0.0558
REE,REE,Dich vu,2025-Q2,False,0,2.8742521395287497,2.5748729544662434,1.1532661235851556,0.5759922331428907,0.3654791064510704,1.1953131524911575,0.2716137807840308,0.05385888259443914,0.2898865621361144,0.07645789436963417,7.1,8.7,3.9,0.20985816913942884,0.0479
REE,REE,Dich vu,2025-Q3,False,0,2.8897136009245403,2.5878273996398775,0.7846946653052456,0.5835287711515749,0.36849900158569315,1.2891194288112717,0.26678121889561557,0.04240881112245976,0.23431341414145537,0.07645789436963417,7.6,8.9,4.1,0.2112125762597162,0.0519
REE,REE,Dich vu,2025-Q4,False,0,2.661930105077659,2.3659190800581307,0.5917455775580509,0.6161470403898003,0.3812444195926573,1.1816426844917314,0.2872202999249028,0.07045508321994025,0.37407672530892166,0.07645789436963417,7.8,9.1,4.3,0.21345770660330882,0.0467
REE,REE,Dich vu,2026-Q1,False,0,2.4136617254247015,2.1703590695260444,0.6992934194446274,0.6335109207209529,0.3878216623378017,1.4054052281791758,0.2425814145911277,0.06259903241806597,0.4003152649436353,0.07645789436963417,7.5,8.8,4.0,0.19869712875372786,0.0523
ROS,ROS,Bat dong san,2021-Q1,False,1,1.37799239818054,0.8189828459146034,0.003376658768619666,0.8648625460248907,0.46376744917120943,47.4271058937655,0.15038049291034217,0.1839741303452926,2.0,1.3067382392533207,7.0,9.0,4.0,0.16659813678263258,0.0806
ROS,ROS,Bat dong san,2021-Q2,False,1,1.26666409510995,0.721146110275438,0.0036790458849646534,0.911578116335068,0.4768720192731498,50.0,0.20961276124514638,-0.0687371808980789,-0.6255122647933663,1.3067382392533207,7.0,9.0,4.0,0.1226491624316197,0.824
ROS,ROS,Bat dong san,2021-Q3,False,1,1.3482151160317897,0.6980658678561064,0.0024144209664679994,0.9377426014989292,0.4839355860647044,14.543833765005106,0.26658495615199734,0.0035895676162180858,0.026064779245576614,1.3067382392533207,7.0,9.0,4.0,0.16273215969864763,0.6216
ROS,ROS,Bat dong san,2021-Q4,False,1,1.4043507975679723,0.7556560877238838,0.006188383452022438,0.9662432426295694,0.4914159253955564,50.0,0.2293438249456044,-0.03125257305410562,-0.26786005007142694,1.3067382392533207,7.0,9.0,4.0,0.1921234179382368,0.7172
SAB,SAB,San xuat,2025-Q2,False,0,2.547898031594768,2.378974682075796,0.6600307896803255,0.4512670877511321,0.31094695908139885,50.0,0.8198788552013475,0.22449837992674418,0.3405726985837598,0.11049929049670246,7.1,8.7,3.9,0.45939844367760346,0.0229
SAB,SAB,San xuat,2025-Q3,False,0,3.35049730858307,3.0651628437067466,0.47616771678927067,0.27883754582690057,0.21803984934349366,50.0,0.8216530251847183,0.16961289662313098,0.18003886941501576,0.11049929049670246,7.6,8.9,4.1,0.45850086064551515,0.0197
SAB,SAB,San xuat,2025-Q4,False,0,2.493274429917631,2.2649762737435877,0.4523372141373688,0.4172876397142743,0.29442692366836676,50.0,0.8389087989440381,0.05706622102550118,0.08011279377718482,0.11049929049670246,7.8,9.1,4.3,0.40680286178357367,0.0359
SAB,SAB,San xuat,2026-Q1,False,0,3.726834372112891,3.380322185247626,0.6212885686821357,0.27582806775631347,0.21619532813805234,50.0,0.8365771962083158,0.1425412242681696,0.14734681697531216,0.11049929049670246,7.5,8.8,4.0,0.5258204445679322,0.0165
SBT,SBT,San xuat,2025-Q2,False,0,1.2896938497397383,1.059257899858675,0.22864263389669143,2.011679194227106,0.6679593225211916,0.3642625599399845,0.8364651701261824,-0.0045905422409935484,-0.01466311136343624,0.058028845029689656,7.1,8.7,3.9,0.1378447648879019,0.1358
SBT,SBT,San xuat,2025-Q3,False,0,1.2991790265606407,1.104312558874215,0.23137181274149227,1.9277561747676026,0.6584415025341456,0.3685045193176664,0.6284932079936024,-0.021297214435400686,-0.08924818721528563,0.058028845029689656,7.6,8.9,4.1,0.13995512701531398,0.1707
SBT,SBT,San xuat,2025-Q4,False,0,1.225134222310963,1.0588629842277353,0.16771785881795684,1.9399860112069265,0.6598623271715912,0.19621840553780856,0.7502953372068718,-0.03105732549825284,-0.10925595862180987,0.058028845029689656,7.8,9.1,4.3,0.11409991980434114,0.1645
SBT,SBT,San xuat,2026-Q1,False,0,1.2620101191630808,1.0444070322139545,0.18340950041272405,2.116495413241715,0.679126753804582,0.4655888193578984,0.8513563919665846,0.0036549352082038957,0.011662163139833497,0.058028845029689656,7.5,8.8,4.0,0.13312038319858577,0.1344
SCR,SCR,Bat dong san,2025-Q2,False,0,1.7059303401305983,0.897138479079909,0.10223294109516386,1.4378198414846328,0.5897974153040777,0.24999685306367553,0.12213712591020348,0.060074456824400595,1.160392766631096,2.0,7.1,8.7,3.9,0.23147290977640936,0.0446
SCR,SCR,Bat dong san,2025-Q3,False,0,1.7384093458649093,0.8696048760873869,0.07705700798251582,1.3690053998277363,0.57788192459472,0.0870642193933772,0.13259971674359397,-0.023804576852742856,-0.4149702585692903,2.0,7.6,8.9,4.1,0.23334088038244605,0.3272
SCR,SCR,Bat dong san,2025-Q4,False,0,2.1141869090511105,1.0278583810778286,0.11194668778840818,1.4071227338522974,0.5845662599847472,0.33504720633421714,0.08588413049611802,-0.14894838486014203,-2.0,2.0,7.8,9.1,4.3,0.2778183637399867,0.832
SCR,SCR,Bat dong san,2026-Q1,False,0,1.8661999392498276,0.8942608461887559,0.04760201200545584,1.4553338285300639,0.5927234055180715,0.031054224376679224,0.04563494878877307,-0.08338295060234564,-2.0,2.0,7.5,8.8,4.0,0.22933957758204412,0.8533
SJS,SJS,Bat dong san,2025-Q2,False,0,2.384275492501806,0.39429349237519296,0.06623167482954082,1.5017851699090108,0.6002854233737545,2.5755947870573683,0.10105219555056315,-0.01712407371499512,-0.40689197434590285,1.579716694650461,7.1,8.7,3.9,0.3717700869661593,0.3694
SJS,SJS,Bat dong san,2025-Q3,False,0,2.3595982124692725,0.3833706910747103,0.06842783696109787,1.4703466394896514,0.5951985101950753,0.060928593907863315,0.013284373633174085,0.014493793655702289,2.0,1.579716694650461,7.6,8.9,4.1,0.3721079832362157,0.0169
SJS,SJS,Bat dong san,2025-Q4,False,0,2.253875309194391,0.309044656164175,0.07014895104315365,1.2871430686256886,0.5627733071368878,3.994926095940936,0.1928964748812151,-0.00867315329930899,-0.10121531082541643,1.579716694650461,7.8,9.1,4.3,0.3470651416972116,0.2522
SJS,SJS,Bat dong san,2026-Q1,False,0,2.642452657430466,0.36303105909785105,0.02602884685639025,1.2097011041010375,0.5474501061957765,3.29159402956295,0.15854560646589497,-0.06835755682975833,-0.9441409971530181,1.579716694650461,7.5,8.8,4.0,0.38876956533341894,0.532
SMC,SMC,Thuong mai,2025-Q2,False,1,0.731649521984547,0.5797856961403409,0.04893983940168681,5.269933445713355,0.8405086738705843,-11.88614894323135,1.7076837111951653,-0.08969768720453604,-0.17659402295001878,0.1193208333980958,7.1,8.7,3.9,-0.21264579291246094,0.7347
SMC,SMC,Thuong mai,2025-Q3,False,1,0.7079408255239472,0.5319760896100239,0.0530869652885806,5.714988863272883,0.8510794253927325,-5.729256210938021,1.4377825374191964,0.04033658413418836,0.09550717428757188,0.1193208333980958,7.6,8.9,4.1,-0.23387246310274448,0.7417
SMC,SMC,Thuong mai,2025-Q4,False,0,0.7965091524421032,0.674854086894904,0.04003604500848542,3.421002718009653,0.7738069700960957,50.0,1.4742423514780896,-0.027941056990238123,-0.05866331171186634,0.1193208333980958,7.8,9.1,4.3,-0.15443185622950595,0.1717
SMC,SMC,Thuong mai,2026-Q1,False,0,0.6184616467187677,0.43704352388662093,0.010803713610059785,3.145828647719543,0.7587936972382926,-14.959051274483006,1.009953406486503,-0.04392806647899709,-0.1320153573899477,0.1193208333980958,7.5,8.8,4.0,-0.28371368113346734,0.2974
SSI,SSI,Dich vu,2025-Q2,False,0,1.4148892499445433,1.0799695919522816,0.04343283447413567,2.2155751866853266,0.689013647032518,50.0,0.1301553383159467,-0.055958848756226844,-1.1849352001736524,2.0,7.1,8.7,3.9,0.2854742657911693,0.6326
SSI,SSI,Dich vu,2025-Q3,False,0,1.4179080131273547,1.0799695919522816,0.0036693319018960622,2.2222155221460924,0.6896545271019084,50.0,0.16588586823618282,-0.14241359080513447,-2.0,2.0,7.6,8.9,4.1,0.28781022975491954,0.8495
SSI,SSI,Dich vu,2025-Q4,False,0,1.4429788308994353,1.0799695919522816,0.058907833707862324,1.9329833891367167,0.6590502340709348,50.0,0.15318491830003214,0.1998341838264457,2.0,2.0,7.8,9.1,4.3,0.2915590803628595,0.0128
SSI,SSI,Dich vu,2026-Q1,False,0,1.6546142197961948,1.0799695919522816,0.017227072268564285,1.3473149327357714,0.5739813239144224,50.0,0.1365270063583154,-0.01980908555739702,-0.3331222285480456,2.0,7.5,8.8,4.0,0.3749645682100048,0.2549
STG,STG,Dich vu,2025-Q2,False,0,2.2303970671058204,2.1513999227455183,0.7964230376621687,0.35527968070504706,0.26214491795540135,4.0373955390567176,0.7878104983789433,0.049639254130926895,0.06607009288804853,0.08056689979744742,7.1,8.7,3.9,0.19216784532898343,0.047
STG,STG,Dich vu,2025-Q3,False,0,2.3429494600605567,2.2592513331138058,0.9127743280936322,0.3580555880099357,0.26365311639019307,3.7366555740618668,0.748091393603022,0.09415553546801965,0.1327345859813696,0.08056689979744742,7.6,8.9,4.1,0.20860212112392867,0.0416
STG,STG,Dich vu,2025-Q4,False,0,2.3353497457871586,2.272617821430294,0.8594123529551249,0.3461191445424884,0.25712370702529863,3.7620360612002486,0.7668607140931152,-0.021580714053710027,-0.028943525705603487,0.08056689979744742,7.8,9.1,4.3,0.19877469121095304,0.0514
STG,STG,Dich vu,2026-Q1,False,0,2.6184502108721053,2.5429670405587848,0.8399491337125237,0.38068172799368155,0.27572011729804224,2.8290391318830497,0.7077391594974451,-0.022336305673095403,-0.03480699767730189,0.08056689979744742,7.5,8.8,4.0,0.24221780764524548,0.0471
STK,STK,San xuat,2025-Q2,False,1,0.7696200294310461,0.19642013778290918,0.00616299482300686,1.2339739265552805,0.5523672017327573,0.07048560398205517,0.34375623810018346,-0.03464974720060288,-0.22270878931792965,0.09988214403334779,7.1,8.7,3.9,-0.07926227195648118,0.7901
STK,STK,San xuat,2025-Q3,False,0,0.8398515362207479,0.2326035563738464,0.03691456523964946,1.3556341567106096,0.575485863477038,0.34309466748281137,0.3100686375887306,-0.028413828124785854,-0.2109436999529015,0.09988214403334779,7.6,8.9,4.1,-0.05959690325832034,0.3417
STK,STK,San xuat,2025-Q4,False,0,0.9658620288037888,0.24895034399856725,0.04219418063502646,1.3644173166879021,0.5770628167277977,0.29134944308645927,0.31218607601420173,-0.0271454861148613,-0.2007091524245249,0.09988214403334779,7.8,9.1,4.3,-0.011279673889499036,0.328
STK,STK,San xuat,2026-Q1,False,1,1.0031296014949977,0.28049360999160966,0.06099339278117638,1.3981127250855507,0.5830054235818602,-0.37530136187583263,0.2597840636355445,-0.045718855013082794,-0.41040762946835446,0.09988214403334779,7.5,8.8,4.0,0.0010266295571391638,0.8367
SZC,SZC,Bat dong san,2025-Q2,False,0,1.604175386347926,0.49509708965967036,0.21602029710400275,1.6153976743763094,0.6176489679572462,0.8273098909600243,0.10674085268532921,0.006784967847704098,0.15704309206192132,0.4632319432358853,7.1,8.7,3.9,0.11991249046203323,0.2313
SZC,SZC,Bat dong san,2025-Q3,False,0,1.6666268775159758,0.48373274266120364,0.24432542567145743,1.6098513641666523,0.6168364169201228,0.24452527632697005,0.04218130506388943,0.015600354881577653,0.9125243510848743,0.4632319432358853,7.6,8.9,4.1,0.12675495979992005,0.0935
SZC,SZC,Bat dong san,2025-Q4,False,0,1.7288098020110905,0.43621495692075074,0.2849180996233352,1.5512818681939329,0.6080401728767406,1.0903046010809834,0.18572918797330504,0.01937837118048593,0.25376362845770617,0.4632319432358853,7.8,9.1,4.3,0.13059588250939985,0.1941
SZC,SZC,Bat dong san,2026-Q1,False,0,2.2464141695852917,0.6517671764672021,0.343062440425149,1.5878507452563149,0.6135789508598748,0.12316406043520364,0.048934324264890194,0.021524633531547852,1.079574491593119,0.4632319432358853,7.5,8.8,4.0,0.17892624621033532,0.0653
TCL,TCL,Dich vu,2025-Q2,False,0,1.56248941496853,1.5319813353689855,0.1395076581186338,0.7238896697900162,0.4199164728901658,50.0,1.8132280114554162,0.3074465622905423,0.28480009182215427,0.07040191497722328,7.1,8.7,3.9,0.21847163844080245,0.0186
TCL,TCL,Dich vu,2025-Q3,False,0,1.6094834670690075,1.5862367143665965,0.2510246478832384,0.7961040577588891,0.44323938488966935,50.0,1.5354874584900988,0.1256089631917111,0.1450349575280029,0.07040191497722328,7.6,8.9,4.1,0.24681367177021227,0.0292
TCL,TCL,Dich vu,2025-Q4,False,0,1.8231961938833237,1.7886739344857807,0.3684465806762149,0.6695063405064992,0.40102054377546276,50.0,1.7732051216672933,0.20898770783750628,0.1890550917438852,0.07040191497722328,7.8,9.1,4.3,0.2762127321240518,0.0185
TCL,TCL,Dich vu,2026-Q1,False,0,1.9380140349568677,1.8978670946960121,0.3278400139627636,0.5765172562246244,0.3656904191491332,50.0,1.5230792332369645,0.13276155962905498,0.12750388641163563,0.07040191497722328,7.5,8.8,4.0,0.27812315092359025,0.0238
TCM,TCM,San xuat,2025-Q2,False,0,1.8427004148509913,1.2285996538148298,0.418806670455864,0.773471496166582,0.4361341571254269,8.79867509403923,0.8427453883013939,0.028404938394416244,0.05880003159586754,0.19107601822755998,7.1,8.7,3.9,0.32881739524447084,0.0707
TCM,TCM,San xuat,2025-Q3,False,0,2.0490010846573528,1.4319715495193976,0.49731869089952213,0.65069246908476,0.394193637683185,6.856447758167084,0.9109309193556602,0.0653130913143176,0.11305360047164115,0.19107601822755998,7.6,8.9,4.1,0.36355508049293345,0.0525
TCM,TCM,San xuat,2025-Q4,False,0,1.8580455603835764,1.205410897910989,0.5382716169317608,0.7044889814183524,0.4133138958939633,4.342515370165329,0.8229201603585621,0.19121873466623307,0.38416052492080643,0.19107601822755998,7.8,9.1,4.3,0.3112057021559601,0.0457
TCM,TCM,San xuat,2026-Q1,False,0,1.8502240573860167,1.244185666499227,0.49865075918559304,0.7238583118815767,0.41990592085929124,6.011497732873567,0.9540178447133442,-0.03955887006386483,-0.06964651176859844,0.19107601822755998,7.5,8.8,4.0,0.31446528949385205,0.0754
TLH,TLH,San xuat,2025-Q2,False,0,1.4463483032673279,0.35663582467501226,0.05173171642353807,1.501721899205172,0.6002753142474739,50.0,2.37401054240476,0.2350999425636603,0.23778275518357495,0.2112960643897508,7.1,8.7,3.9,0.2643526932241991,0.0248
TLH,TLH,San xuat,2025-Q3,False,0,1.5907295823818874,0.4067112218326504,0.026039311167171546,1.1502930181983064,0.5349471018429466,50.0,1.7359692425764655,0.1640754453267476,0.2022424863492783,0.2112960643897508,7.6,8.9,4.1,0.31053143014159057,0.0412
TLH,TLH,San xuat,2025-Q4,False,1,1.524458986781661,0.3604363835189967,0.013380920347560674,1.25357523238114,0.5562606539017584,50.0,1.3475023611171368,-0.13147415130963253,-0.21709467675602082,0.2112960643897508,7.8,9.1,4.3,0.28712882484041125,0.4861
TLH,TLH,San xuat,2026-Q1,False,0,1.6405493965515263,0.40837375270219783,0.04452405530398445,1.0651673484353636,0.5157777403571523,50.0,1.5743785466799618,0.1245696190424741,0.16323961416361782,0.2112960643897508,7.5,8.8,4.0,0.3242410459890174,0.0491
TRA,TRA,San xuat,2025-Q2,False,0,2.373424364750452,1.692350822086284,0.41113920714472,0.4689454037458105,0.3192395051238799,50.0,1.2313209506438831,0.17522766276135776,0.1817222140651404,0.06925817842959378,7.1,8.7,3.9,0.4384513145280135,0.0276
TRA,TRA,San xuat,2025-Q3,False,0,2.5006904711104605,1.7813205144234545,0.31383967715342054,0.4364989990458109,0.3038630721885318,50.0,1.1561389799245223,0.17852736281056622,0.18768633832197862,0.06925817842959378,7.6,8.9,4.1,0.4560044169556797,0.0276
TRA,TRA,San xuat,2025-Q4,False,0,2.7552438472623164,1.8670411730379255,0.27779684423554385,0.3773478931702691,0.27396701664219336,50.0,1.2423474920628492,0.12122175708426826,0.10692906244888702,0.06925817842959378,7.8,9.1,4.3,0.4786631656257922,0.0264
TRA,TRA,San xuat,2026-Q1,False,0,2.200410716180126,1.5118293549454842,0.23672443887202024,0.5327833003483583,0.3475920570293738,50.0,1.050446015256511,0.031251623702187904,0.041364586129631085,0.06925817842959378,7.5,8.8,4.0,0.4159918815830633,0.0456
VCG,VCG,Bat dong san,2025-Q2,False,0,1.36213865987647,0.8079345140363872,0.14236998184749572,1.645521286346189,0.6220026634595215,1.1130854955459835,0.598306759897482,0.015869366969126303,0.06599148920800722,0.4062131975880977,7.1,8.7,3.9,0.15933431602780015,0.1499
VCG,VCG,Bat dong san,2025-Q3,False,0,1.6563658149086018,1.2814157720868073,0.18296454691571623,1.3656768379696198,0.5772879947295481,18.3428794538056,0.6105100867159803,0.1630952950261164,0.6168805912571422,0.4062131975880977,7.6,8.9,4.1,0.31388440470487383,0.0466
VCG,VCG,Bat dong san,2025-Q4,False,0,1.5153616961864318,1.1319801771621196,0.14749925535180253,1.5071045939114136,0.6011335137638322,2.7318794963183093,0.5901358349234196,0.051901398637158626,0.2114744998399308,0.4062131975880977,7.8,9.1,4.3,0.26006196959252975,0.0972
VCG,VCG,Bat dong san,2026-Q1,False,0,1.4932567267671597,1.1303039047281327,0.14024692839006103,1.3709051474274292,0.5782201573584423,2.8880378448592356,0.4495817281563105,-0.07138564091747653,-0.36724460928345815,0.4062131975880977,7.5,8.8,4.0,0.24609357482387562,0.2228
VGS,VGS,San xuat,2025-Q2,False,0,1.2933671485689908,0.8741550382362384,0.2949157694232727,1.2181072795978118,0.5491651782589522,2.4887419312438057,3.295032470432955,0.2454933642328283,0.16366018646559394,0.12297628362791177,7.1,8.7,3.9,0.13764852375771638,0.0088
VGS,VGS,San xuat,2025-Q3,False,0,1.4066419327772812,0.8290722182140922,0.33268331211299307,0.9644533164904473,0.49095252526207706,50.0,2.9394701523412747,0.20904365093744906,0.13965851394816856,0.12297628362791177,7.6,8.9,4.1,0.16448003183554216,0.0121
VGS,VGS,San xuat,2025-Q4,False,0,1.5006374790101842,0.8569329767041841,0.07308467556475107,0.7977293912224311,0.44374275411939845,50.0,2.8236273559206246,-0.16314971853149565,-0.10255815843853255,0.12297628362791177,7.8,9.1,4.3,0.1774397014748269,0.018
VGS,VGS,San xuat,2026-Q1,False,0,1.4701862699932842,1.0788065565643814,0.02070759120183209,1.3412197236069328,0.5728722127543934,50.0,2.1673871456948297,0.014488303488798713,0.015317884477024497,0.12297628362791177,7.5,8.8,4.0,0.20361103536739955,0.0296
VIC,VIC,Bat dong san,2025-Q2,False,0,1.0327375992148533,0.7691433679280185,0.14591246507265865,5.038339079583714,0.8343915459499269,-1.132645502486748,0.19378322701800382,0.11034108759886677,1.9004259982699334,0.8942759589714444,7.1,8.7,3.9,0.017504531018489016,0.0506
VIC,VIC,Bat dong san,2025-Q3,False,0,1.0586946109956834,0.7259716096383346,0.12932637956890847,5.719234877722124,0.8511735311835076,0.29475846894548974,0.14389620564381145,0.008575455628884756,0.20290182959273162,0.8942759589714444,7.6,8.9,4.1,0.030100564605436773,0.4701
VIC,VIC,Bat dong san,2025-Q4,False,0,1.1214015591510496,0.7782596578822392,0.12518796602625423,6.384187003493027,0.8645754773644061,0.6838544989617686,0.5800941850250884,-0.009765373802664241,-0.058217461474571804,0.8942759589714444,7.8,9.1,4.3,0.06375510239657453,0.4956
VIC,VIC,Bat dong san,2026-Q1,False,0,1.0680503302226236,0.7214112859248226,0.08739703683117099,6.6686106304970165,0.8695982821160412,0.2885688060572214,0.3541273707278791,0.02586358110673932,0.25404334777694476,0.8942759589714444,7.5,8.8,4.0,0.036167555741073006,0.469
VNM,VNM,San xuat,2025-Q2,False,0,1.9934191876621647,1.6261718310854296,0.13019037634143804,0.5490957186699049,0.35446209814676477,50.0,1.2101152226101073,0.1988642233007635,0.23300204317891415,0.09541169345334832,7.1,8.7,3.9,0.344853164724569,0.0298
VNM,VNM,San xuat,2025-Q3,False,0,2.236107874798367,1.8720351159387545,0.2974678610459089,0.46702809548329544,0.31834979638166944,50.0,1.217952206236386,0.1781122433756376,0.18622076012960262,0.09541169345334832,7.6,8.9,4.1,0.38469610965978107,0.0266
VNM,VNM,San xuat,2025-Q4,False,0,1.9579168955207298,1.588631030517026,0.09691425483130132,0.5460472431127632,0.3531892350283998,50.0,1.278018754504665,0.09235275265881636,0.10208926261642055,0.09541169345334832,7.8,9.1,4.3,0.332772575099173,0.0346
VNM,VNM,San xuat,2026-Q1,False,0,2.0998611890461443,1.698974056469825,0.11256448936758971,0.5108180155361497,0.3381069131313435,50.0,1.1653578184589044,0.014371056875388604,0.01667798027904666,0.09541169345334832,7.5,8.8,4.0,0.36623555375238775,0.0399
VRE,VRE,Dich vu,2025-Q2,False,0,1.261113959743823,1.2355744086353802,0.4471758006131351,0.3100171545560791,0.23665121748816603,50.0,0.14715431804928275,0.12950094293879846,0.8330453694758311,0.9556720551834397,7.1,8.7,3.9,0.05248743014371349,0.0491
VRE,VRE,Dich vu,2025-Q3,False,0,1.6495197393115295,1.6174530399058515,0.3364867894016177,0.34029878716408024,0.25389770581238363,2.8357727144489195,0.1469688259108717,-0.1854679840166789,-1.2816294980008884,0.9556720551834397,7.6,8.9,4.1,0.0884918332978507,0.4995
VRE,VRE,Dich vu,2025-Q4,False,0,1.5387073898640802,1.4930629122528898,0.8571201330071551,0.2669304460204982,0.21069068697412882,6.448090300770086,0.1509372135699861,-0.1792705197589704,-1.0009626670287841,0.9556720551834397,7.8,9.1,4.3,0.045483578761839526,0.4128
VRE,VRE,Dich vu,2026-Q1,False,0,2.5128507420976502,2.4446321142643055,1.16348167097113,0.21988203574385795,0.18024860543976992,3.767452204957602,0.1504925959450844,-0.023932505351510664,-0.1146581514445736,0.9556720551834397,7.5,8.8,4.0,0.08080828311676408,0.0998
DEMO_HEALTHY,Cty Khoe Manh,San xuat,2025-Q2,True,0,2.0,1.8,0.9,0.6,0.35,8.0,1.3,0.5,0.15,0.05,7.1,8.7,3.9,0.35,0.0286
DEMO_HEALTHY,Cty Khoe Manh,San xuat,2025-Q3,True,0,2.02,1.82,0.91,0.58,0.34,8.2,1.31,0.51,0.16,0.05,7.6,8.9,4.1,0.35,0.0275
DEMO_HEALTHY,Cty Khoe Manh,San xuat,2025-Q4,True,0,2.05,1.85,0.92,0.6,0.35,8.5,1.32,0.52,0.15,0.05,7.8,9.1,4.3,0.36,0.0272
DEMO_HEALTHY,Cty Khoe Manh,San xuat,2026-Q1,True,0,2.06,1.86,0.93,0.57,0.33,8.6,1.33,0.53,0.17,0.05,7.5,8.8,4.0,0.36,0.0258
DEMO_MEDIUM,Cty Rui Ro Trung Binh,Thuong mai,2025-Q2,True,0,1.55,1.35,0.52,1.3,0.42,4.5,1.05,0.28,0.09,0.07,7.1,8.7,3.9,0.28,0.0633
DEMO_MEDIUM,Cty Rui Ro Trung Binh,Thuong mai,2025-Q3,True,0,1.47,1.22,0.47,1.6,0.45,3.7,0.98,0.22,0.07,0.085,7.6,8.9,4.1,0.24,0.0826
DEMO_MEDIUM,Cty Rui Ro Trung Binh,Thuong mai,2025-Q4,True,0,1.36,1.07,0.42,1.9,0.48,2.9,0.9,0.16,0.06,0.1,7.8,9.1,4.3,0.205,0.1073
DEMO_MEDIUM,Cty Rui Ro Trung Binh,Thuong mai,2026-Q1,True,1,1.27,0.95,0.38,2.15,0.51,2.2,0.83,0.11,0.05,0.11,7.5,8.8,4.0,0.18,0.5302
DEMO_DISTRESS,Cty Dang Kiet Suc,Bat dong san,2025-Q2,True,0,1.6,1.3,0.45,1.2,0.4,5.0,1.1,0.3,0.1,0.08,7.1,8.7,3.9,0.3,0.0584
DEMO_DISTRESS,Cty Dang Kiet Suc,Bat dong san,2025-Q3,True,0,1.52,1.2,0.41,1.4,0.44,4.0,1.02,0.24,0.08,0.1,7.6,8.9,4.1,0.25,0.0745
DEMO_DISTRESS,Cty Dang Kiet Suc,Bat dong san,2025-Q4,True,1,1.42,1.05,0.36,1.6,0.47,3.0,0.92,0.17,0.05,0.13,7.8,9.1,4.3,0.18,0.4541
DEMO_DISTRESS,Cty Dang Kiet Suc,Bat dong san,2026-Q1,True,1,0.55,0.3,0.08,4.5,0.8,-2.5,0.3,-0.45,-0.18,0.32,7.5,8.8,4.0,0.0,0.8975
