quarter,tsnh,no_nh,no_phai_tra,tong_ts,vcsh,hang_ton_kho,phai_thu_kh,tien,doanh_thu,ebt,lai_vay,lnst,cfo,ticker,nganh
2026-Q1,104365180994071.0,86369839061570.0,119545707998756.0,259327500205228.0,139781792206472.0,43515585272210.0,10919196457706.0,11455231038505.0,52900847302653.0,10762183839545.0,-1333414699291.0,9055918200023.0,6816755450021.0,HPG,San xuat
2025-Q4,103659402759724.0,94186268324508.0,126679189940972.0,257899200817547.0,131220010876575.0,52828227344442.0,10971774018235.0,8300890304205.0,46176484549771.0,4600129962763.0,-1236524775157.0,3888349733267.0,8564297977440.0,HPG,San xuat
2025-Q3,95425988115582.0,83163272833172.0,118655326188383.0,246171338287652.0,127516012099269.0,45623656431728.0,7979265010316.0,9092562739415.0,36407416403924.0,4628313172434.0,-812194101705.0,4012252316723.0,8294398995676.0,HPG,San xuat
2025-Q2,97613904938535.0,86427453449629.0,119865026005768.0,242224530919050.0,122359504913282.0,48853408114115.0,8196017496272.0,10688024277258.0,35910519111209.0,4972383493663.0,-439112631420.0,4264524105532.0,3285102529955.0,HPG,San xuat
2026-Q1,14955051030445.0,11727539800379.0,11745132156780.0,23224808093677.0,11479675936897.0,10179336416329.0,2126186399413.0,963144064326.0,8967069096921.0,156363665474.0,-108215714910.0,118666895119.0,-1187705487699.0,HSG,San xuat
2025-Q4,13455528388214.0,9665003804902.0,9681983135868.0,21058290984205.0,11376307848337.0,9439963068863.0,1593044404765.0,858258243911.0,8383072239116.0,96408784247.0,-52210780267.0,62350491842.0,-957800904678.0,HSG,San xuat
2025-Q3,11715671714140.0,7598266235772.0,7614415050988.0,18953042840245.0,11338627789257.0,8203702938983.0,1603418011169.0,427830965127.0,8356617952866.0,116396978147.0,-47058761250.0,88163510836.0,1229207464132.0,HSG,San xuat
2025-Q2,12416615897313.0,7867163334718.0,7884016796035.0,19139652761092.0,11255635965057.0,8042317648744.0,2424112172607.0,706437924435.0,9509181798369.0,290328815438.0,-42601433022.0,273786344313.0,398285469695.0,HSG,San xuat
2026-Q1,8957538915429.0,6042679894480.0,8391746054218.0,16048601397787.0,7656855343569.0,4344572522243.0,1176886769455.0,601149457799.0,3261407519137.0,25183125131.0,-47200134787.0,21461998610.0,476808466193.0,NKG,San xuat
2025-Q4,9702800286228.0,6568317739511.0,8858518857128.0,16493912202087.0,7635393344959.0,5303103397208.0,1259898746776.0,838864110479.0,3136450576858.0,-11375737130.0,-48677455839.0,-9434816079.0,794382723983.0,NKG,San xuat
2025-Q3,9706183140086.0,6765831397949.0,8839509467837.0,16473047628875.0,7633538161038.0,5048847790849.0,1758810399141.0,348061394681.0,3773050023984.0,58869356799.0,-54699447037.0,49532398781.0,161768294626.0,NKG,San xuat
2025-Q2,10536296579283.0,7499627370080.0,8913469110901.0,16494088800395.0,7580619689494.0,6141800654548.0,1284928737209.0,522553150579.0,3808494902169.0,112278440321.0,-59943785739.0,91593970066.0,-62762070023.0,NKG,San xuat
2026-Q1,14465607845089.0,2194868960755.0,2258009668682.0,18093336361696.0,15835326693014.0,1783910093372.0,582051840898.0,266877422938.0,2124590770642.0,497561182050.0,-6603199308.0,430050204880.0,-1093032256877.0,DGC,San xuat
2025-Q4,16123562441502.0,4080509528892.0,4144126400937.0,19550157059427.0,15406030658490.0,1681123582821.0,651126141033.0,1040520433824.0,2740572557296.0,740085389424.0,-11965996629.0,656932630916.0,785726512356.0,DGC,San xuat
2025-Q3,16217423586242.0,3348808331166.0,3413453381832.0,19424382428034.0,16010929046202.0,1870536896155.0,553426006410.0,338992873514.0,2816715906274.0,901292276958.0,-11932581651.0,804394485516.0,281100568505.0,DGC,San xuat
2025-Q2,14783064557015.0,2933168817081.0,2998410702251.0,18204945263218.0,15206534560967.0,1284874647212.0,648885057147.0,191299130677.0,2894397358486.0,986325309764.0,-9878436346.0,890856644586.0,623542349876.0,DGC,San xuat
2026-Q1,1734110160493.0,437220215965.0,452220215965.0,2118988039812.0,1666767823847.0,475021771503.0,484184969750.0,49972981891.0,628310844674.0,56885321415.0,-2534644453.0,45148856944.0,-92223829720.0,CSV,San xuat
2025-Q4,1678566437240.0,421333701407.0,437085321328.0,2058704288231.0,1621618966903.0,484719703087.0,374236864767.0,91717440019.0,644015397847.0,56630309452.0,-2307399341.0,41436124822.0,78150569494.0,CSV,San xuat
2025-Q3,1730036564933.0,536537948787.0,536537948787.0,2137621330868.0,1601083382081.0,493266154175.0,337661702041.0,104701206831.0,510068262517.0,75498573457.0,-2068850576.0,60065383211.0,-115063115912.0,CSV,San xuat
2025-Q2,1688726443571.0,527697992377.0,527697992377.0,2068717664247.0,1541019671870.0,486820906070.0,249911857797.0,131038734188.0,523585483782.0,90485985623.0,-1065706211.0,71824335654.0,72839781026.0,CSV,San xuat
2026-Q1,15673674735289.0,6370418722297.0,7316452765621.0,18851713849730.0,11535261084109.0,4665130721157.0,721790031652.0,4072576999902.0,5286049223911.0,877724690998.0,-27532179151.0,788628607348.0,433614881721.0,DCM,San xuat
2025-Q4,14447094769514.0,5935262101827.0,6849275971125.0,17643638367886.0,10794362396761.0,4808860027791.0,678419194118.0,3590267536235.0,4198621498161.0,486771844353.0,-17918568929.0,434023276764.0,1241059181458.0,DCM,San xuat
2025-Q3,13523411387807.0,5072656070620.0,5951310916102.0,16505617049382.0,10554306133280.0,4596641436788.0,276852001002.0,1940788382411.0,2988230261406.0,378575795716.0,-18985966367.0,327967922643.0,-3613514994575.0,DCM,San xuat
2025-Q2,15061351351872.0,6653357358640.0,7567833288235.0,17819362546772.0,10251529258537.0,2795027550016.0,376005602055.0,3828732110334.0,6037370666327.0,888241830801.0,-18018502996.0,787736646664.0,1845520443329.0,DCM,San xuat
2026-Q1,14773851304782.0,6125118045188.0,6340404276970.0,18156994486822.0,11816590209852.0,3064378472830.0,1558167486798.0,1191436947177.0,5623198207327.0,514554366312.0,-43599739426.0,410836235060.0,897032331342.0,DPM,San xuat
2025-Q4,14509456783696.0,6028505903383.0,6243792135165.0,17776328981155.0,11532536845990.0,3433708262496.0,1054403839965.0,1168353223865.0,3414363337789.0,244661873466.0,-49408517962.0,232076599170.0,-932956428400.0,DPM,San xuat
2025-Q3,15690848754234.0,7294074963469.0,7476253092779.0,18818185325305.0,11341932232526.0,3246083696300.0,907291179979.0,787537427166.0,3728761982359.0,353300178755.0,-34337939051.0,238751063252.0,-2086304437468.0,DPM,San xuat
2025-Q2,15336796245358.0,6643716780677.0,6821850637959.0,18541934272803.0,11720083634844.0,1967827874183.0,469294124531.0,971208834176.0,5301128849642.0,501879984560.0,-33004010024.0,413245742446.0,1034931097359.0,DPM,San xuat
2026-Q1,38757016956726.0,18456942372620.0,18740931850130.0,55429011127169.0,36688079277039.0,7399150703886.0,4883108025108.0,2077596293461.0,16148657871623.0,3014396468576.0,-118301437284.0,2458221002532.0,269326997516.0,VNM,San xuat
2025-Q4,36261180908033.0,18520286019795.0,18829355431194.0,53312370717301.0,34483015286107.0,6839279842936.0,4701653413423.0,1794879718871.0,17033552405954.0,3476999882086.0,-89980184766.0,2827199040932.0,1738942804862.0,VNM,San xuat
2025-Q3,38746850813464.0,17327809293171.0,17725023298796.0,55677822006663.0,37952798707867.0,6308583334358.0,4813124478938.0,5154466367051.0,16953231537863.0,3125600614052.0,-75464626344.0,2510532743203.0,3157043663634.0,VNM,San xuat
2025-Q2,38255091705279.0,19190691020760.0,19595608095818.0,55282661244375.0,35687053148557.0,7047730548255.0,4539163648054.0,2498443286245.0,16724597479554.0,3096088533277.0,-85204331624.0,2488584680280.0,3896865384081.0,VNM,San xuat
2026-Q1,31419317000000.0,41645707000000.0,84455333000000.0,130717940000000.0,46262607000000.0,11329909000000.0,1543918000000.0,7081065000000.0,24019754000000.0,2320177000000.0,-1214557000000.0,1973577000000.0,3473727000000.0,MSN,San xuat
2025-Q4,36234495000000.0,40257475000000.0,83884527000000.0,128963171000000.0,45078644000000.0,11262216000000.0,1274262000000.0,12101850000000.0,23245825000000.0,2667377000000.0,-1231475000000.0,2295343000000.0,-1155039000000.0,MSN,San xuat
2025-Q3,32214095000000.0,37637809000000.0,78378057000000.0,121351209000000.0,42973152000000.0,10307815000000.0,1457122000000.0,13266315000000.0,21163826000000.0,2152071000000.0,-1682274000000.0,1865752000000.0,1253779000000.0,MSN,San xuat
2025-Q2,32650920000000.0,36915519000000.0,81823900000000.0,123466559000000.0,41642659000000.0,10282782000000.0,1126386000000.0,10552742000000.0,18315140000000.0,1846273000000.0,-1111787000000.0,1619376000000.0,1346737000000.0,MSN,San xuat
2026-Q1,22187871267460.0,5953543692064.0,6674875070990.0,30874279886047.0,24199404815057.0,2062975444335.0,691788246159.0,3698868639029.0,6457179625505.0,1547866561729.0,-7553159578.0,1245443937892.0,951444864456.0,SAB,San xuat
2025-Q4,22140977869887.0,8880281129189.0,9597538547160.0,32597353623714.0,22999815076554.0,2027351808101.0,697568047845.0,4016881626734.0,6836551694306.0,1372467156211.0,-7381678847.0,1119088558719.0,547695256033.0,SAB,San xuat
2025-Q3,20479352019762.0,6112332031218.0,6832228993871.0,31334772127400.0,24502543133529.0,1744058989274.0,572331148186.0,2910495187563.0,6436577577988.0,1695788585252.0,-7297682237.0,1403724992261.0,1158834150043.0,SAB,San xuat
2025-Q2,25102973272497.0,9852424610880.0,10322437517835.0,33196779117344.0,22874341599509.0,1664304566153.0,671941161116.0,6502903596185.0,6804334314775.0,1561500118324.0,-8765781329.0,1250676288766.0,2317370499649.0,SAB,San xuat
2026-Q1,5852139005275.0,4885445130541.0,5937459985803.0,13321386307372.0,7383926321569.0,1272554578375.0,390428620055.0,829694664003.0,2481593304229.0,37685491711.0,-50366881169.0,32054980271.0,280924756056.0,KDC,San xuat
2025-Q4,6674909250681.0,5066436251287.0,6169173406985.0,13907212327484.0,7738038920499.0,1504306826902.0,382966335699.0,1541628761456.0,2468358446192.0,569351949414.0,-55726274363.0,460869529395.0,461554678605.0,KDC,San xuat
2025-Q3,5188203038490.0,4663012516254.0,5797727892938.0,13074894776790.0,7277166883852.0,1378395985326.0,366450732514.0,607088600219.0,2429368437021.0,72910086776.0,-50019286737.0,66682069202.0,152934143252.0,KDC,San xuat
2025-Q2,6256212823905.0,4847413391219.0,6019417482430.0,13239639946059.0,7220222463629.0,1269429626996.0,412738238569.0,1224661660594.0,2010835117277.0,131377350521.0,-50941227301.0,124663341025.0,-529223347301.0,KDC,San xuat
2026-Q1,12214823852468.0,4592693379240.0,4749503746350.0,15474649552238.0,10725145805888.0,2066185526671.0,435360683469.0,442169999761.0,2763376725791.0,446869945177.0,-37477086553.0,391480644703.0,36321373157.0,QNS,San xuat
2025-Q4,10880768027045.0,3544457081077.0,3704339891701.0,14350118600886.0,10645778709185.0,1365867430934.0,340511559782.0,272162624875.0,2702626478534.0,712958126214.0,-21804635414.0,597917199920.0,613110728269.0,QNS,San xuat
2025-Q3,10515411349954.0,3744681802520.0,3924494135293.0,13972355644558.0,10047861509265.0,1713888393855.0,363436670281.0,346293265353.0,2684916229166.0,440590472588.0,-25044177865.0,380896878791.0,1139640955000.0,QNS,San xuat
2025-Q2,11328090115765.0,4615332816599.0,4794866049372.0,14773944227846.0,9979078178474.0,2567657598098.0,302834870722.0,791127557812.0,2917912365525.0,621052829731.0,-32688763969.0,546039818045.0,822098897065.0,QNS,San xuat
2026-Q1,3707157964171.0,4030817035239.0,5498299320896.0,7496606925773.0,1998307604877.0,1805275133280.0,829160991484.0,401569939062.0,1951958485537.0,75366593095.0,-70972572801.0,60281017096.0,-595150454297.0,TNG,San xuat
2025-Q4,3368332182728.0,3817787340253.0,4907134060262.0,6909526281043.0,2002392220781.0,1445531410182.0,996172095899.0,317238236802.0,2027470541286.0,134875280195.0,-38069675999.0,112715753208.0,763460789362.0,TNG,San xuat
2025-Q3,3328360285665.0,3626704829669.0,4748254192922.0,6702296296495.0,1954042103573.0,1200934474189.0,1288666201662.0,150625834308.0,2632837161498.0,146305293855.0,-71293006201.0,117044235088.0,221866188410.0,TNG,San xuat
2025-Q2,3550537021836.0,3922341487199.0,4966547362122.0,6803545230607.0,1836997868485.0,1561030517548.0,1233989413676.0,63235566469.0,2527634600207.0,149994813282.0,-50438710694.0,120015561062.0,-9266980347.0,TNG,San xuat
2026-Q1,3144916153831.0,496776570927.0,1165479226793.0,3825688919992.0,2660209693199.0,2051783782186.0,66740704577.0,319825305051.0,197370920315.0,16782337944.0,-1261164797.0,11284313357.0,-166971578453.0,GIL,San xuat
2025-Q4,3122146930242.0,475879628296.0,1147518071982.0,3797912574384.0,2650394502402.0,1915794251541.0,67292492674.0,333080969102.0,260520572457.0,154541874291.0,11121369041.0,139048360912.0,-121519070596.0,GIL,San xuat
2025-Q3,3126722009991.0,570078100219.0,1190880558609.0,3630450282554.0,2439569723945.0,1881036686726.0,72265341948.0,378320593523.0,198146057575.0,-31748952315.0,-6394252985.0,-32994575551.0,-184520550839.0,GIL,San xuat
2025-Q2,2977927179240.0,386431640146.0,1001100532501.0,3475150051997.0,2474049519496.0,1768085162678.0,46050920986.0,348844563226.0,128933218150.0,-69389620491.0,-7370179708.0,-71662859590.0,-210864403871.0,GIL,San xuat
2026-Q1,2911107628039.0,1394479146166.0,2026392182894.0,4319203169035.0,2292810986141.0,889089455262.0,565899540126.0,208823449240.0,1041226318995.0,103278576909.0,-15351040831.0,81295237914.0,-275809489564.0,MSH,San xuat
2025-Q4,3275000080003.0,1816616190768.0,2464529227496.0,4677754975723.0,2213225748227.0,546122052854.0,943209085112.0,739632646576.0,1388373022337.0,251007622662.0,-15281030139.0,207905353991.0,92394019504.0,MSH,San xuat
2025-Q3,3654280723629.0,1860463990744.0,2480469661072.0,4960374135308.0,2479904474236.0,651138957921.0,869752882403.0,883916760368.0,1646711714383.0,244697692441.0,-16214636425.0,200704624815.0,524650518021.0,MSH,San xuat
2025-Q2,3495719032359.0,1906555425489.0,2513408113775.0,4790907529213.0,2277499415438.0,849319704593.0,1003909913221.0,587082673390.0,1466807524314.0,218572426618.0,-19142208160.0,179956394878.0,-10859283688.0,MSH,San xuat
2026-Q1,1359619459957.0,1355377667981.0,2408841349362.0,4131764906341.0,1722923556979.0,979444684963.0,96631781163.0,82669082470.0,268341669339.0,-31253229256.0,-41745705315.0,-34434109140.0,-110129468401.0,STK,San xuat
2025-Q4,1326044872890.0,1372913349262.0,2397769231267.0,4155126897386.0,1757357666119.0,984257622311.0,86043883431.0,57928953855.0,324293190359.0,19934048261.0,-14831798470.0,10634361393.0,-65088611374.0,STK,San xuat
2025-Q3,1285983496713.0,1531203363037.0,2367917774209.0,4114641078935.0,1746723304726.0,929820148939.0,109563752793.0,56523706440.0,318955288378.0,22968132575.0,-12470726083.0,10352546617.0,-67281608650.0,STK,San xuat
2025-Q2,1027114176109.0,1334573083900.0,2142636242342.0,3879007000453.0,1736370758111.0,764977147088.0,73411020752.0,8224967007.0,333358213510.0,1774068928.0,-8806732773.0,-6606126195.0,-74241804140.0,STK,San xuat
2026-Q1,2898540585624.0,1566588962052.0,1778556781056.0,4235607769989.0,2457050988933.0,949413053743.0,583948474317.0,781180775259.0,1010211348944.0,82205223989.0,-9973541977.0,65998367320.0,-70357696603.0,TCM,San xuat
2025-Q4,2810959206998.0,1512858062758.0,1724014815517.0,4171199741030.0,2447184925513.0,987343611157.0,497326936706.0,814328555629.0,858141089944.0,58127860183.0,-9754757033.0,46740968977.0,329663931569.0,TCM,San xuat
2025-Q3,2813806379406.0,1373257632939.0,1561950804978.0,3962394761514.0,2400443956536.0,847340518877.0,673732999191.0,682946688281.0,902366975739.0,79840726406.0,-10793759031.0,64027806526.0,102015835554.0,TCM,San xuat
2025-Q2,2979275895736.0,1616798841377.0,1807151295216.0,4143567445226.0,2336416150010.0,992877398932.0,717959722428.0,677126139554.0,872993088895.0,102486713121.0,-12491734410.0,81974323252.0,51332021210.0,TCM,San xuat
2026-Q1,736006137622.0,191334056112.0,296008868500.0,1258649067086.0,962640198586.0,223080095144.0,102556685617.0,55750163624.0,151685804553.0,1073020720.0,-3322452217.0,1127385190.0,30628135593.0,EVE,San xuat
2025-Q4,765741410584.0,228722907546.0,333435899790.0,1296335068570.0,962899168780.0,209806137678.0,159203697992.0,66280891962.0,212684101747.0,12011331829.0,-3062771595.0,8636565353.0,58688579897.0,EVE,San xuat
2025-Q3,749545080841.0,220198405829.0,323057684932.0,1278681940318.0,955624255386.0,249542458691.0,144579342380.0,39022441238.0,205997999711.0,22609156848.0,-2858857068.0,18514076699.0,6465973770.0,EVE,San xuat
2025-Q2,724197976949.0,217538754054.0,321931593242.0,1261301302974.0,939369709732.0,261198219924.0,137119153078.0,31690212335.0,188760934854.0,12265697758.0,-3255091162.0,11854336020.0,3584205509.0,EVE,San xuat
2026-Q1,3991624373168.0,731251114177.0,802785702588.0,5245728159812.0,4442942457224.0,1121180767922.0,571746271294.0,703645429639.0,1198100182788.0,347269179744.0,0.0,315677281272.0,5959731801.0,DHG,San xuat
2025-Q4,3888768378369.0,965949656404.0,1036616453045.0,5173881628997.0,4137265175952.0,1024618562192.0,615182622035.0,129895664996.0,1742471805512.0,186037984478.0,-2998840491.0,139575117570.0,436429442080.0,DHG,San xuat
2025-Q3,4298513517939.0,1526739447265.0,1603266907450.0,5600956965832.0,3997690058382.0,1137936372994.0,491537111901.0,305998159277.0,1145709087537.0,235021515216.0,-9939351890.0,209644276033.0,56677853654.0,DHG,San xuat
2025-Q2,4165085715080.0,1631776602099.0,1706998675675.0,5495044458024.0,3788045782349.0,1087637023030.0,453550727422.0,80270385826.0,1184237014249.0,272363296967.0,-6498003344.0,236894865167.0,368343205580.0,DHG,San xuat
2026-Q1,1541392222889.0,338634590903.0,442314590903.0,2820855359276.0,2378540768373.0,639115835651.0,391544453022.0,75791000774.0,546206333856.0,102814249860.0,-2476162027.0,82018589482.0,103494140495.0,IMP,San xuat
2025-Q4,1507411305624.0,372432306329.0,476112306329.0,2782634485220.0,2306522178891.0,677715255584.0,327745841927.0,189193228415.0,640779011316.0,135216416454.0,-3159672191.0,107489568418.0,162492252995.0,IMP,San xuat
2025-Q3,1660115655209.0,591402494500.0,768402494500.0,2967435104973.0,2199032610473.0,752433063603.0,444262149998.0,173643507724.0,573552165194.0,100866033313.0,-4958204894.0,76891760168.0,-33851321708.0,IMP,San xuat
2025-Q2,1701062784336.0,645921788943.0,902921788943.0,3025062639248.0,2122140850305.0,664902835191.0,417436818825.0,261694104034.0,632695776130.0,114854250330.0,-6177506949.0,90295561889.0,60402375002.0,IMP,San xuat
2026-Q1,1536020824017.0,513118348757.0,870617874523.0,2687421935398.0,1816804060875.0,421442324561.0,514009495808.0,121474312299.0,448086937367.0,95084852056.0,-840195796.0,80297755136.0,-135658929336.0,DBD,San xuat
2025-Q4,1480040155611.0,587673892225.0,860234784589.0,2596213715266.0,1735978930677.0,366109634763.0,495347003230.0,202783644602.0,510099147402.0,71967578880.0,-1001961072.0,60685373455.0,213493503722.0,DBD,San xuat
2025-Q3,1426722645811.0,530976743937.0,722417873111.0,2431577529617.0,1709159656506.0,379458440065.0,492503170785.0,219990837081.0,439698372187.0,71468045375.0,-1339973239.0,59909035568.0,246946553256.0,DBD,San xuat
2025-Q2,1571434446051.0,608931813839.0,742721168912.0,2381652079167.0,1638930910255.0,451252391304.0,518790792972.0,314177191907.0,474537017072.0,107100517093.0,-785038711.0,90336499933.0,152606598375.0,DBD,San xuat
2026-Q1,1837568700050.0,835102595410.0,837634749236.0,2409821318688.0,1572186569452.0,575036081918.0,380322354580.0,197689193299.0,632846800424.0,93890080277.0,-2211014455.0,68246825428.0,26177445983.0,TRA,San xuat
2025-Q4,1745129013587.0,633384596910.0,636316564504.0,2322602816583.0,1686286252079.0,562573892788.0,354270646864.0,175952242209.0,721369946060.0,100746224944.0,-1410581663.0,77558747056.0,77135412011.0,TRA,San xuat
2025-Q3,1776577358089.0,710434729373.0,710434729373.0,2338009433842.0,1627574704469.0,511065400498.0,402262910280.0,222962606105.0,675765960474.0,95080640583.0,-2008468017.0,78298719684.0,126832038684.0,TRA,San xuat
2025-Q2,1735706136188.0,731308805103.0,731308805103.0,2290784171023.0,1559475365920.0,498075078673.0,385141543378.0,300669722308.0,705172635796.0,91345520981.0,-1695576790.0,74775542734.0,128145532675.0,TRA,San xuat
2026-Q1,3043216023780.0,519040532018.0,1936036230077.0,6456863945181.0,4520827715104.0,195078933285.0,40035665583.0,411054786984.0,468324273018.0,353108460287.0,-106740992.0,285079246932.0,129532921071.0,PHR,San xuat
2025-Q4,2641518383472.0,520440276663.0,1925873927836.0,6148040165838.0,4222166238002.0,313272250190.0,26444410804.0,450879307367.0,498675218768.0,48752522642.0,-607231313.0,34948709166.0,141112929481.0,PHR,San xuat
2025-Q3,2575003671030.0,562298559571.0,1934609455813.0,6167062809679.0,4232453353866.0,297004634593.0,46892140033.0,481441781917.0,616791811912.0,317210233000.0,-428739536.0,264542846950.0,382953997651.0,PHR,San xuat
2025-Q2,2693402035687.0,686555687584.0,2067485592763.0,6069567990932.0,4002082398169.0,476800482355.0,25342666279.0,274734313952.0,367973217032.0,120496070469.0,-713501370.0,94670085445.0,55870247272.0,PHR,San xuat
2026-Q1,2603563427188.0,189881843883.0,1256953020253.0,4727419071103.0,3470466050850.0,175426706709.0,29925932291.0,280130695344.0,379484074892.0,150148417433.0,0.0,118556878766.0,-36657336784.0,DPR,San xuat
2025-Q4,2540602037710.0,303416233049.0,1376980370386.0,4752318413852.0,3375338043466.0,258341184419.0,24221719061.0,286178224380.0,301661224090.0,59561631305.0,0.0,47540474709.0,161711343616.0,DPR,San xuat
2025-Q3,2320854057066.0,234603457060.0,1235799367728.0,4571710294649.0,3335910926921.0,173425452421.0,28547381013.0,381525295799.0,482207705413.0,191919754739.0,0.0,154880638296.0,99871276922.0,DPR,San xuat
2025-Q2,2385366685029.0,242856652213.0,1248043152437.0,4609663846826.0,3361620694389.0,226859538046.0,33989104246.0,343301840970.0,201555006425.0,78264215393.0,0.0,61980005570.0,38630840658.0,DPR,San xuat
2026-Q1,3180637431152.0,616409143162.0,634118391454.0,3815532273387.0,3181413881933.0,475848923724.0,69146897694.0,962825171053.0,1457310965938.0,379845424988.0,-3661644.0,303956059754.0,440717676992.0,BMP,San xuat
2025-Q4,2758363782639.0,483661960403.0,501375767445.0,3378833589624.0,2877457822179.0,524731511069.0,63689387409.0,297407970324.0,1286058323278.0,328132555262.0,-3493480.0,261343222934.0,-98678081753.0,BMP,San xuat
2025-Q3,3391187717374.0,805176502204.0,822641067747.0,3970851763992.0,3148210696245.0,407578222034.0,103929294698.0,802519281065.0,1532289910260.0,439886539089.0,-3493480.0,350581005736.0,415627258291.0,BMP,San xuat
2025-Q2,2954785147734.0,710783394092.0,728287982135.0,3525917672644.0,2797629690509.0,406205079678.0,123348238642.0,641364825970.0,1308129555745.0,412297782865.0,-3455507.0,329900327324.0,364814990942.0,BMP,San xuat
2026-Q1,4335814072315.0,3156903635860.0,6770796349719.0,13002582935821.0,6231786586102.0,813729823084.0,797220968234.0,1402459989393.0,2224065397921.0,197149156816.0,-30230433432.0,162598707868.0,129249563352.0,AAA,San xuat
2025-Q4,4532817492410.0,3279775954320.0,6812374373990.0,12891604733753.0,6079230359763.0,943451289416.0,703466021715.0,1617746098453.0,2192291125691.0,101552618209.0,-35103755924.0,62021846963.0,391011069164.0,AAA,San xuat
2025-Q3,4377037083396.0,3110747143104.0,6223854505750.0,12241737677888.0,6017883172138.0,757283181389.0,841482567336.0,1741373916584.0,2369473905606.0,156177544852.0,-24230118284.0,125426841292.0,379917654236.0,AAA,San xuat
2025-Q2,4553020197155.0,3190439932889.0,6314821127450.0,12159528036613.0,5844706909163.0,987232373973.0,844294048544.0,1706426051965.0,2309974267663.0,211000328064.0,-36639398614.0,180960302761.0,275144461483.0,AAA,San xuat
2026-Q1,34159898483536.0,8269602595201.0,22194178753373.0,87178899384779.0,64984720631406.0,4205765070503.0,1461358154609.0,8927732424840.0,8845157076569.0,2960895481655.0,-40516611306.0,2513382444521.0,2626503751251.0,GVR,San xuat
2025-Q4,32904606406685.0,10940794561573.0,24080878789838.0,86282461490860.0,62201582701022.0,6667948094131.0,1545717198992.0,8237433366831.0,8644463568626.0,887895681516.0,-46366537723.0,781244560067.0,2605961433762.0,GVR,San xuat
2025-Q3,30912273267619.0,8231094536378.0,20906425637178.0,84839406230403.0,63932980593225.0,5148711193863.0,1355461378674.0,7488462214080.0,9294402677445.0,2618932694001.0,-58280913113.0,2187281385238.0,3667291196641.0,GVR,San xuat
2025-Q2,29210720402401.0,9054751886669.0,21425062628470.0,83609868625724.0,62184805997254.0,5297503898514.0,1331858371989.0,5546184333612.0,5890007609737.0,1952839612873.0,-66679727043.0,1578826817835.0,1236359836673.0,GVR,San xuat
2026-Q1,24796523665678.0,19648434896958.0,26263482194031.0,38672430510061.0,12408948316030.0,4275560087297.0,3674633883721.0,3603709628343.0,8231005226906.0,243948845704.0,-381840136063.0,244947423773.0,95991325761.0,SBT,San xuat
2025-Q4,22289777120987.0,18193742950827.0,23688173000743.0,35898659501110.0,12210486500367.0,3025096165802.0,2861506252167.0,3051415611597.0,6733649208915.0,201732436653.0,-355995764539.0,168593636704.0,-735691299343.0,SBT,San xuat
2025-Q3,20777848951623.0,15993060638170.0,22510809525921.0,34188017370235.0,11677207844314.0,3116511234055.0,2570201703111.0,3700343431138.0,5371734177990.0,203371958459.0,-338929899324.0,198132481133.0,-479417537588.0,SBT,San xuat
2025-Q2,20054307978992.0,15549665514059.0,21828307600392.0,32679097161189.0,10850789560797.0,3583201943065.0,2198857265403.0,3555316479347.0,6833731641626.0,177027301143.0,-381827327196.0,154545383274.0,-100203768089.0,SBT,San xuat
2026-Q1,7791489032000.0,8372533538000.0,10261779313000.0,26223308684000.0,15961529371000.0,213659504000.0,1307642179000.0,332445818000.0,1784072297000.0,1162707232000.0,582851166000.0,1172663824000.0,144571927000.0,HAG,San xuat
2025-Q4,8291578593000.0,10119380225000.0,12199029738000.0,26381628496000.0,14182598758000.0,769272018000.0,1278907815000.0,679528813000.0,1829693146000.0,910597577000.0,-178479613000.0,928358761000.0,2271859203000.0,HAG,San xuat
2025-Q3,11743651534000.0,11659453233000.0,14459840808000.0,27743911994000.0,13284071186000.0,747488420000.0,2103040405000.0,845771645000.0,1895404577000.0,432077443000.0,-203624684000.0,432077443000.0,-52299425000.0,HAG,San xuat
2025-Q2,10948323437000.0,13715514723000.0,15629558760000.0,26004202677000.0,10374643917000.0,737007565000.0,1995368246000.0,193660834000.0,2327420395000.0,500454451000.0,-217296109000.0,519303097000.0,-1091982237000.0,HAG,San xuat
2026-Q1,3713843657329.0,2276445479346.0,2343418004168.0,6065644545224.0,3722226541056.0,1356659108779.0,1144047741571.0,30765893538.0,1841296117934.0,237191238295.0,-17091681278.0,195357833650.0,-174864026123.0,ANV,San xuat
2025-Q4,3476485727551.0,2230874234646.0,2297846759468.0,5824715466874.0,3526868707406.0,1421516166777.0,1044635313575.0,45722178140.0,2118930435283.0,294852258565.0,-17992051897.0,251570878518.0,409400061126.0,ANV,San xuat
2025-Q3,3335692665087.0,1999181098559.0,2091691244642.0,5633244823530.0,3541553578888.0,1495004842520.0,1023496399128.0,168968494736.0,2000082975336.0,343498882706.0,-16143299241.0,283077814084.0,337485193397.0,ANV,San xuat
2025-Q2,2855667806675.0,1795751447954.0,1888261594037.0,5149784592277.0,3261522998240.0,1594510958018.0,934278666261.0,71099655092.0,1726231655961.0,369684854977.0,-18208986128.0,332812892370.0,147146324623.0,ANV,San xuat
2026-Q1,9682981516659.0,3372748217356.0,3425056091310.0,13755884214851.0,10330828123541.0,2883391131367.0,2024480519989.0,2093771897470.0,2954597338046.0,340928326021.0,-15626622526.0,285960744289.0,-388990018779.0,VHC,San xuat
2025-Q4,9321970265394.0,3311251179674.0,3363415011779.0,13408288560345.0,10044873548566.0,2784994459066.0,1633824775048.0,2008261260343.0,2709613225879.0,350337713820.0,-11734740081.0,300669886477.0,425282092706.0,VHC,San xuat
2025-Q3,9495012256535.0,3293549535643.0,3336272965338.0,13501788059691.0,10165515094353.0,2728134706368.0,1887361968659.0,1678417812091.0,3471037409623.0,534713579189.0,-10942217584.0,455415185157.0,1255425793422.0,VHC,San xuat
2025-Q2,8733341549605.0,3036551886279.0,3085415411528.0,12795153772809.0,9709738361281.0,3085743367554.0,2043330274811.0,1147531700332.0,3192433447102.0,610260495758.0,-14121076190.0,539377799216.0,485369650626.0,VHC,San xuat
2026-Q1,3505277383904.0,1783090278164.0,1793849594414.0,4459292018797.0,2665442424383.0,976852145074.0,438296640125.0,563867786969.0,1398523350604.0,51291407357.0,-12896360094.0,50792443339.0,236960929284.0,FMC,San xuat
2025-Q4,3806037069517.0,2209285229850.0,2220504006600.0,4835153987644.0,2614649981044.0,884713190560.0,534216045481.0,1159214053467.0,1334765171729.0,166335466715.0,-15764820630.0,135133567229.0,632384275408.0,FMC,San xuat
2025-Q3,3797956058500.0,2350270759287.0,2361320193287.0,4840836607102.0,2479516413815.0,652593831590.0,1221593033405.0,1454682599575.0,2983564660010.0,108020950004.0,-14371696250.0,111878930581.0,61785551748.0,FMC,San xuat
2025-Q2,3552618797813.0,2234732586437.0,2245924542937.0,4613562026171.0,2367637483234.0,1277381989453.0,544418530739.0,1472056133195.0,1876441530358.0,100675580907.0,-14111945657.0,101606356217.0,-233588802939.0,FMC,San xuat
2026-Q1,8261723804892.0,5782377688557.0,7256257555968.0,15699358521967.0,8443100965999.0,3379131715539.0,267400343831.0,394003156136.0,4124177863856.0,401869698322.0,-61662043842.0,374038467473.0,744403002167.0,DBC,San xuat
2025-Q4,9449733593939.0,6646289319376.0,7907672405533.0,15976734904060.0,8069062498527.0,6358114697631.0,269378824607.0,426188880308.0,2626978506282.0,184771453100.0,-64195583107.0,148580632730.0,249174209041.0,DBC,San xuat
2025-Q3,9226686008323.0,6460726216322.0,7641384609736.0,15561866475532.0,7920481865796.0,5586894551200.0,194636370009.0,613052876723.0,4841245769242.0,365559168804.0,-62476462151.0,342955569172.0,-212029967546.0,DBC,San xuat
2025-Q2,8380535729771.0,6088959953189.0,6996910118727.0,14574436415352.0,7577526296625.0,5683788925358.0,213620098055.0,363518450456.0,3820095842716.0,536862765824.0,-65178049787.0,506971328560.0,873743019780.0,DBC,San xuat
2026-Q1,11248414243666.0,4966876065856.0,5580391336563.0,15214214977087.0,9633823640524.0,3374440065249.0,1525253292857.0,3647877566971.0,3767231508898.0,744110204149.0,-37272499870.0,670041078251.0,1135790671809.0,PAN,San xuat
2025-Q4,10261026515094.0,5695059089044.0,6517553615580.0,15594873545966.0,9077319930386.0,3268418928075.0,1708309100894.0,2626720406458.0,4301418693341.0,515671387819.0,-62019196481.0,440715540223.0,3478084045557.0,PAN,San xuat
2025-Q3,12676292999849.0,8347832469846.0,9231276266214.0,17886620494975.0,8655344228761.0,3771356112292.0,2139292630246.0,2736490134477.0,5138101338699.0,304850710456.0,-89130531403.0,266378896981.0,3341753517740.0,PAN,San xuat
2025-Q2,15469434512673.0,11243825121067.0,11733020059545.0,20706558606395.0,8973538546850.0,4319497506652.0,1491164310311.0,2599313150914.0,4027202863460.0,307331842301.0,-137342030979.0,263730988290.0,5120485572646.0,PAN,San xuat
2026-Q1,13645551592961.0,13510298848878.0,14275505658470.0,16274612309581.0,1999106651111.0,2406904072176.0,6880545983317.0,302396732057.0,1322155387704.0,26788539184.0,-90269610915.0,22671666289.0,-82552757791.0,HBC,San xuat
2025-Q4,13302772118773.0,13376334591109.0,14144116820552.0,16101696866468.0,1957580045916.0,2281897212501.0,6894237204710.0,347025554208.0,1861279459119.0,8596252994.0,-99327403243.0,11229174729.0,-70037554821.0,HBC,San xuat
2025-Q3,12999205477664.0,12739076179856.0,13945403096532.0,15908307580711.0,1962904484179.0,2357355371049.0,6728101068981.0,316658155812.0,1122552760535.0,201958544838.0,-94858122920.0,188347693721.0,465689841112.0,HBC,San xuat
2025-Q2,12387574227310.0,12342369527481.0,13569812014798.0,15339255330450.0,1769443315652.0,2139507248965.0,6686444487146.0,101498971216.0,944488234448.0,50664200484.0,-93239944963.0,45972907768.0,297569130477.0,HBC,San xuat
2026-Q1,32611007333985.0,23593385917051.0,25184450686325.0,34686855766741.0,9502405080416.0,9067240329871.0,13534354371960.0,1439407116252.0,6409416446902.0,153288062304.0,-110469101980.0,118931756167.0,-1733187917031.0,CTD,San xuat
2025-Q4,32364954148144.0,24847828148040.0,25056904455426.0,34442241560979.0,9385337105553.0,7569293421681.0,15544745058395.0,1846994307634.0,10007247475921.0,284654842250.0,-60656523151.0,227850003196.0,815575130028.0,CTD,San xuat
2025-Q3,29286881128042.0,21864948944318.0,21916936485914.0,31177700859982.0,9260764374068.0,6890146439801.0,15152814052322.0,1607734034286.0,7451776029867.0,376839381485.0,-44548526469.0,294818204842.0,-838059662860.0,CTD,San xuat
2025-Q2,27963158562687.0,20683693565533.0,20736323013125.0,29701487775326.0,8965164762201.0,5964211881956.0,14874835108588.0,2712312888753.0,8237210109012.0,236436701871.0,-39349649589.0,201542124323.0,562442528972.0,CTD,San xuat
2026-Q1,76834611871316.0,48061216417223.0,48061216417223.0,83994558472327.0,35933342055104.0,27600707843304.0,255239898353.0,4553652582201.0,46461952026773.0,3327584299891.0,-415448904085.0,2757557020527.0,1193254573697.0,MWG,Thuong mai
2025-Q4,77201650782966.0,50769502237457.0,50769502237457.0,83945619612034.0,33176117374577.0,27266851974258.0,253358838280.0,4999925717187.0,42320711388542.0,2497850274751.0,-384665886359.0,2083594362304.0,-611871679908.0,MWG,Thuong mai
2025-Q3,75125383121673.0,48491298270189.0,48491298270189.0,80288497892066.0,31797199621877.0,24101279307428.0,203255755385.0,5510816169528.0,39852507152646.0,2172351166079.0,-388038374707.0,1783665633985.0,2775816846232.0,MWG,Thuong mai
2025-Q2,75933600138863.0,50985234350916.0,50985234350916.0,81001399247768.0,30016164896852.0,23691724133318.0,307952455563.0,6030067748439.0,37619968659970.0,2028204755376.0,-375178482038.0,1657529120910.0,1442670180462.0,MWG,Thuong mai
2026-Q1,24121385971879.0,20512601322354.0,20513292504198.0,26027165690888.0,5513873186690.0,14447618583071.0,235830832599.0,644900672025.0,15116909090730.0,471628960418.0,-149775192055.0,374599320642.0,-2610546293191.0,FRT,Thuong mai
2025-Q4,21787052185671.0,18574474295299.0,18575165477143.0,23714236170376.0,5139070693233.0,11926663463990.0,233091257926.0,2869851759629.0,14912761566482.0,415015150315.0,-106473793465.0,348336268804.0,202549958602.0,FRT,Thuong mai
2025-Q3,17794013186926.0,16058347840504.0,16058886022348.0,19701862827575.0,3642976805227.0,10509189568527.0,208724777579.0,1162213737354.0,13109916760952.0,324925607980.0,-99878724220.0,265880422747.0,904879695527.0,FRT,Thuong mai
2025-Q2,16455137250282.0,14949115091672.0,14949668273516.0,18326764655996.0,3377096382480.0,9676259700236.0,203930503405.0,2382207094450.0,11390344662987.0,206665313822.0,-93659853494.0,157239429976.0,497312854828.0,FRT,Thuong mai
2026-Q1,9479790103881.0,6353536666145.0,6356626666145.0,10030979917127.0,3674353250982.0,2681179498904.0,4370202526389.0,989670465110.0,8500182474845.0,256741580568.0,-49909623855.0,201883536887.0,-641619385594.0,DGW,Thuong mai
2025-Q4,10704379520381.0,7782454897947.0,7786988527374.0,11259354886919.0,3472366359545.0,4436217717740.0,3222983045435.0,1742001985979.0,7990148667177.0,211201887341.0,-39880822264.0,161435493232.0,1271618008653.0,DGW,Thuong mai
2025-Q3,8659009278666.0,5918418020379.0,5925151649806.0,9216082516119.0,3290930866313.0,3017132202284.0,3216280301353.0,708686422060.0,7390637382649.0,193462016160.0,-49507405009.0,168464447488.0,-741719962917.0,DGW,Thuong mai
2025-Q2,7785383774709.0,5219947964130.0,5222481593557.0,8344948012382.0,3122466418825.0,3515120611915.0,2630622802952.0,1149129413018.0,5731443019058.0,131590208141.0,-34269680909.0,118607339874.0,-224043304773.0,DGW,Thuong mai
2026-Q1,12426437954480.0,10745294823957.0,10802771310964.0,13510392533448.0,2707621222484.0,1462078255404.0,3946837384900.0,616937115284.0,6129097875208.0,125956430503.0,-118682433154.0,100832119836.0,-894081011198.0,PET,Thuong mai
2025-Q4,12329728764008.0,10727761753967.0,10758980509167.0,13417519878781.0,2658539369614.0,1630743787796.0,3635793276334.0,1474323607521.0,7599087227157.0,129894238192.0,-34546034422.0,102494232880.0,-65831086171.0,PET,Thuong mai
2025-Q3,10627169627164.0,9111277665535.0,9158337344683.0,11734736586380.0,2576399241697.0,1417539740201.0,3002268691229.0,954504691054.0,5483844536320.0,183403585710.0,-103529592410.0,145160316361.0,-1070360049782.0,PET,Thuong mai
2025-Q2,10352981221486.0,9008794641633.0,9033083071099.0,11467608020037.0,2434524948938.0,1742368483173.0,2940002434718.0,1306594811256.0,4715573993801.0,77852475322.0,-46218993727.0,57636450054.0,-855102697949.0,PET,Thuong mai
2026-Q1,517760338000000.0,388427617000000.0,597132268000000.0,869974503000000.0,272842235000000.0,138885119000000.0,27680047000000.0,35837536000000.0,65114237000000.0,30726795000000.0,-2561005000000.0,25625357000000.0,37220145000000.0,VHM,Bat dong san
2025-Q4,496890087000000.0,343090159000000.0,538640560000000.0,787857267000000.0,249216707000000.0,131414569000000.0,23488063000000.0,49961891000000.0,102178073000000.0,34517046000000.0,-2419639000000.0,28021703000000.0,-1719228000000.0,VHM,Bat dong san
2025-Q3,436436596000000.0,329506259000000.0,533334874000000.0,768264553000000.0,234929679000000.0,125608165000000.0,22082436000000.0,48767614000000.0,16419972000000.0,5420373000000.0,-2699135000000.0,4435641000000.0,1814555000000.0,VHM,Bat dong san
2025-Q2,387915470000000.0,286758448000000.0,423301025000000.0,653806824000000.0,230505799000000.0,80555168000000.0,19936487000000.0,48671892000000.0,18974961000000.0,9033008000000.0,-2453497000000.0,8225398000000.0,40458250000000.0,VHM,Bat dong san
2026-Q1,207035228227019.0,101342632692806.0,193308580403613.0,253145048762541.0,59836468358928.0,154608590193270.0,3332295686964.0,4518328920108.0,3586658446812.0,1348818841519.0,-34936576384.0,859557448665.0,-436501168392.0,NVL,Bat dong san
2025-Q4,206852318779699.0,95996837653507.0,191014858442941.0,249907848818804.0,58892990375863.0,153324020054942.0,3274282872300.0,4395471320099.0,1567838643688.0,4070100365731.0,-43660036551.0,3680945295574.0,2936999449151.0,NVL,Bat dong san
2025-Q3,203298543739096.0,114084230472201.0,188760603850358.0,239574800711639.0,50814196861281.0,152285411287107.0,3403072586468.0,3837770809681.0,1683130424875.0,-782194980858.0,-31627274551.0,-1153238964099.0,-1626687311363.0,NVL,Bat dong san
2025-Q2,203376141981170.0,103476262105674.0,186651367093163.0,238619028593128.0,51967661499965.0,150112707450262.0,3392652268698.0,4305979590796.0,1936598230585.0,-138474317325.0,-33142528652.0,-189868378915.0,-6620088911346.0,NVL,Bat dong san
2026-Q1,23450438778534.0,10595628382502.0,14044149481236.0,26600203409010.0,12556053927774.0,15061665911567.0,2043938919714.0,185230983944.0,104332489333.0,390010250819.0,-86156077857.0,137538786139.0,-685851946632.0,PDR,Bat dong san
2025-Q4,24175702852037.0,10257721641617.0,14846308044248.0,27270246564755.0,12423938520507.0,16714675448271.0,1929691601058.0,375924179668.0,360578573688.0,368573645629.0,-143680691830.0,313327136627.0,-923071738591.0,PDR,Bat dong san
2025-Q3,21281715194792.0,7601727634713.0,12304782947922.0,24245517055370.0,11940734107448.0,14977294134859.0,2083502058028.0,115998896970.0,506525735876.0,117275479142.0,-74242425883.0,85848258243.0,-131806105422.0,PDR,Bat dong san
2025-Q2,20913450557357.0,7592640178449.0,12370619932554.0,24226363759099.0,11855743826545.0,14106010265503.0,1954727238971.0,25200283827.0,19926802911.0,100979964654.0,-62016885629.0,64894628067.0,-1482534048912.0,PDR,Bat dong san
2026-Q1,34319278191914.0,14650412239750.0,17392689169048.0,38493054163008.0,21100364993960.0,15800680826078.0,1702123800726.0,1797431506849.0,1352551016713.0,245239256648.0,-62676345945.0,214440011771.0,504776729225.0,DXG,Bat dong san
2025-Q4,33913372104043.0,14290960009735.0,17132079498590.0,38014588960817.0,20882509462227.0,15657589363782.0,1685387088444.0,3391086654285.0,1464660879760.0,105657818791.0,-57942204951.0,83768709997.0,156206634556.0,DXG,Bat dong san
2025-Q3,32122884190417.0,11894990408913.0,16257485341201.0,35209728247456.0,18952242906255.0,14635045502131.0,1766504605834.0,3928288784227.0,1068288616852.0,195809934188.0,-59655227385.0,163597341433.0,906807852206.0,DXG,Bat dong san
2025-Q2,29149687852400.0,9287569824805.0,13378513438265.0,32279629271188.0,18901115832923.0,14230276908734.0,1331209267558.0,3272061996274.0,734006844599.0,268726849866.0,-38970155809.0,268914770234.0,-803265811418.0,DXG,Bat dong san
2026-Q1,37310715130000.0,3394096620000.0,18337716752000.0,39861897315000.0,21524180563000.0,29125945475000.0,1249625148000.0,3613808683000.0,281361228000.0,355653178000.0,-5581265000.0,327045031000.0,-633698923000.0,KDH,Bat dong san
2025-Q4,31619143989000.0,3515423431000.0,12909740367000.0,34074020087000.0,21164279720000.0,23260015942000.0,1262041715000.0,2544284739000.0,1793648861000.0,983473798000.0,0.0,785790345000.0,1270381506000.0,KDH,Bat dong san
2025-Q3,30594374778000.0,3380942744000.0,12703074873000.0,33080867528000.0,20377792655000.0,23086435547000.0,986589852000.0,2378235792000.0,1098244194000.0,653535136000.0,0.0,525903525000.0,-712761224000.0,KDH,Bat dong san
2025-Q2,29318561512000.0,3515554125000.0,11546172727000.0,31254518576000.0,19708345849000.0,23007410442000.0,111360648000.0,2460274084000.0,1049326533000.0,245395238000.0,0.0,196276357000.0,-1265721035000.0,KDH,Bat dong san
2026-Q1,57181302658128.0,13178472061671.0,44843061380027.0,71803161764011.0,26960100383984.0,29521066384305.0,1232760783077.0,6930682750598.0,1335907334634.0,318531555945.0,-262841601560.0,234256566861.0,-2913286566406.0,KBC,Bat dong san
2025-Q4,55045529492865.0,11947551940878.0,42855329949506.0,69581173766629.0,26725843817123.0,27073127740837.0,1264873556149.0,8368534552023.0,1648413576274.0,844849789907.0,-262393448885.0,645596488642.0,-2128137617120.0,KBC,Bat dong san
2025-Q3,57193595747504.0,13623064082157.0,40494096357405.0,66557421957593.0,26063325600188.0,25091218193539.0,1432765498104.0,9418578135962.0,1347287386541.0,427621622817.0,-211315908978.0,311925875998.0,-7146115037293.0,KBC,Bat dong san
2025-Q2,61006286667575.0,15587212245659.0,44663619525269.0,70363090646188.0,25699471120919.0,23651747527329.0,1722778767250.0,18138916467312.0,574562870574.0,532278978841.0,-103716422811.0,401527644897.0,-797117446564.0,KBC,Bat dong san
2026-Q1,17915356777738.0,5928131481948.0,10983801528251.0,25894096680611.0,14910295152360.0,8381456484953.0,851595448650.0,5027834155469.0,1279401152222.0,176956839638.0,-86429252957.0,109516870300.0,-519058317030.0,NLG,Bat dong san
2025-Q4,19246030470379.0,6453837316303.0,11740271874301.0,26564516185390.0,14824244311089.0,8677574019548.0,1043055344239.0,6814304742347.0,1704152132207.0,566934819572.0,1504574311.0,504868412213.0,371324345365.0,NLG,Bat dong san
2025-Q3,24963680498828.0,7004199714135.0,14019913658667.0,28386978996115.0,14367065337448.0,17851636256902.0,1208076751196.0,3361201735548.0,1877218621324.0,329848785575.0,-131343737460.0,234048067926.0,-437039624760.0,NLG,Bat dong san
2025-Q2,25162788098987.0,7022559566607.0,13995267253920.0,28214084330254.0,14218817076334.0,17901843085344.0,1271165865887.0,3514680781879.0,772555911115.0,149077325352.0,-35713417510.0,97537781984.0,128934018438.0,NLG,Bat dong san
2026-Q1,3485552998996.0,2108017502605.0,6132093643113.0,14447483470196.0,8315389827083.0,772356434474.0,1485443032155.0,290014872498.0,683899890865.0,123812057062.0,-73896341266.0,103968643391.0,105217217023.0,HDG,Bat dong san
2025-Q4,3621267664514.0,2185537567213.0,6287507448282.0,14685890149474.0,8398382701192.0,768889297109.0,1609991922773.0,265730670677.0,885681351655.0,442357390115.0,-76946364695.0,422657353573.0,456825878353.0,HDG,Bat dong san
2025-Q3,3237267157740.0,2102332882932.0,6412907662309.0,14480854004778.0,8067946342469.0,781472681383.0,1505762254569.0,243271470988.0,712510058366.0,358977124700.0,-72303084789.0,336656224977.0,189816584661.0,HDG,Bat dong san
2025-Q2,2970525103454.0,2167551186953.0,6596478392411.0,14327778433462.0,7731300041051.0,773936116996.0,1303043959381.0,330030990708.0,589767169651.0,39925760339.0,-75067165973.0,27213966184.0,257730483246.0,HDG,Bat dong san
2026-Q1,4595507618130.0,1660176690382.0,2342921933538.0,8880324350812.0,6537402417274.0,1474343983171.0,678732042738.0,432335303180.0,432471859834.0,113471261949.0,-8794363458.0,94034744501.0,-379658642029.0,CEO,Bat dong san
2025-Q4,4575498519600.0,1647045334718.0,2288400405019.0,8730058235233.0,6441657830214.0,1469478625997.0,646198512371.0,780987360496.0,349093544917.0,50803071881.0,-6184290318.0,57982360195.0,108187566112.0,CEO,Bat dong san
2025-Q3,4508721944127.0,1535143861705.0,2189932558275.0,8574529058403.0,6384596500128.0,1403967568224.0,644677053447.0,761575442648.0,241946512689.0,60170176954.0,-6508676929.0,52249345271.0,-113698856676.0,CEO,Bat dong san
2025-Q2,4647208570673.0,1648033281645.0,2308123205145.0,8653235770254.0,6345112565109.0,1374093027702.0,637573148735.0,978575916727.0,421278877877.0,55195115597.0,-6552975360.0,39615779748.0,-67409038789.0,CEO,Bat dong san
2026-Q1,669086072000000.0,626455564000000.0,1024990928000000.0,1178694748000000.0,153703820000000.0,217153958000000.0,36575948000000.0,54750360000000.0,104352018000000.0,11536718000000.0,-7522882000000.0,5610779000000.0,26509936000000.0,VIC,Bat dong san
2025-Q4,658772464000000.0,587454564000000.0,967133690000000.0,1118622625000000.0,151488935000000.0,201580276000000.0,35747342000000.0,73542242000000.0,162226620000000.0,11254075000000.0,-6416020000000.0,3499674000000.0,-9444422000000.0,VIC,Bat dong san
2025-Q3,590641891000000.0,557896380000000.0,925966426000000.0,1087870325000000.0,161903899000000.0,185624958000000.0,29339826000000.0,72150719000000.0,39135103000000.0,4024377000000.0,-9027158000000.0,3025338000000.0,7940584000000.0,VIC,Bat dong san
2025-Q2,529134246000000.0,512360784000000.0,799543551000000.0,958235441000000.0,158691890000000.0,135055347000000.0,29238802000000.0,74759825000000.0,46422489000000.0,3777060000000.0,-7614201000000.0,2296533000000.0,88222505000000.0,VIC,Bat dong san
2026-Q1,15336389554221.0,6652416523190.0,7568375984049.0,17721034179940.0,10152658195891.0,6804903904281.0,1230552197245.0,2140429504657.0,144554673583.0,-10140427899.0,-25630664497.0,-9907812917.0,-436850276905.0,DIG,Bat dong san
2025-Q4,16636364783345.0,7824348151318.0,8934021747589.0,18959638759856.0,10025617012267.0,6627355351266.0,1723354410831.0,3279178467269.0,2951182249239.0,550825002286.0,-29731788837.0,406441593970.0,1356225728879.0,DIG,Bat dong san
2025-Q3,16594152064666.0,8021862213005.0,10785890740966.0,19013434380893.0,8227543639927.0,8655114046748.0,971410696510.0,1349422592990.0,1339346732790.0,257726857368.0,-44109359142.0,193219127428.0,844932821679.0,DIG,Bat dong san
2025-Q2,16449900406095.0,8186349969715.0,10921819429384.0,18974380362580.0,8052560933196.0,9189561563428.0,1069898879418.0,585613664912.0,272247435126.0,75176118096.0,-596085254.0,73498023779.0,-33072617586.0,DIG,Bat dong san
2026-Q1,6512155047287.0,3489526984930.0,7811919851007.0,13179705370634.0,5367785519627.0,3391607692945.0,145160913637.0,166108505430.0,150363794910.0,9290436020.0,-68908193940.0,11663623247.0,-651380927046.0,SCR,Bat dong san
2025-Q4,6798173643751.0,3215502666603.0,7538409432961.0,12895731329341.0,5357321896380.0,3493092278505.0,174131397722.0,359964873101.0,276884668083.0,34657790207.0,-75465945187.0,33472171646.0,-1122833909454.0,SCR,Bat dong san
2025-Q3,7151866750393.0,4114029165458.0,7523377075252.0,13018882846229.0,5495505770977.0,3574286927745.0,222872307396.0,317014778243.0,431575044432.0,11591882450.0,-70582624967.0,1819258625.0,-179090807780.0,SCR,Bat dong san
2025-Q2,7493072784685.0,4392367383601.0,7900656854166.0,13395543366518.0,5494886512352.0,3552510990601.0,297587248043.0,449044635996.0,409023291698.0,44505563568.0,-66384941444.0,30194821238.0,474627669070.0,SCR,Bat dong san
2026-Q1,6190375195330.0,1120688262613.0,2290718952689.0,10459317364613.0,8168598411924.0,3794073754647.0,574613625079.0,826256565963.0,253531920069.0,125871010197.0,-11366780762.0,104289019882.0,-121776638648.0,IJC,Bat dong san
2025-Q4,6016656347470.0,952508952111.0,2268499437236.0,10332808829278.0,8064309392042.0,3686467591721.0,544966939244.0,923215618792.0,609934329810.0,244225879829.0,-15453951055.0,200046418513.0,-503164088144.0,IJC,Bat dong san
2025-Q3,5086661384663.0,2163249983363.0,2839523094993.0,8206487445154.0,5366964350161.0,4179630381897.0,566755897821.0,242615832246.0,671578401104.0,299068103876.0,-9757798514.0,254382802760.0,133522292979.0,IJC,Bat dong san
2025-Q2,4530397082654.0,2020669927559.0,2607419597537.0,7908875336938.0,5301455739401.0,3724670967585.0,586664365282.0,113527790992.0,175432379041.0,109546258647.0,-11597719476.0,97468063506.0,95577249971.0,IJC,Bat dong san
2026-Q1,1755321042132.0,93433190318.0,262492669801.0,2191620923098.0,1929128253297.0,128187262437.0,8468288396.0,159240111183.0,33097212195.0,46536771050.0,0.0,37028560082.0,41711732176.0,TIP,Bat dong san
2025-Q4,1716057351269.0,82524470048.0,253010038008.0,2155654856223.0,1902644818215.0,128160084763.0,8099323984.0,1185897343907.0,40143234318.0,120065166340.0,0.0,98036560589.0,-2086872011.0,TIP,Bat dong san
2025-Q3,1619556215273.0,65055775689.0,237057432126.0,2061168046852.0,1824110614726.0,129040287433.0,6010599226.0,16134482492.0,38630640412.0,34709168664.0,0.0,28987877209.0,-2864102519.0,TIP,Bat dong san
2025-Q2,1720181657933.0,109152045736.0,282579790650.0,2155711956567.0,1873132165917.0,131536114736.0,7683573677.0,61155318670.0,35855087397.0,88448879655.0,0.0,71101117168.0,11245806560.0,TIP,Bat dong san
2026-Q1,8541513610303.0,3953090335058.0,9874712794195.0,15427622798215.0,5552910004020.0,5954442983925.0,241570751067.0,143246360829.0,287350035741.0,33464381827.0,-24400703632.0,26507974023.0,-1095038325520.0,VPI,Bat dong san
2025-Q4,8316806649540.0,3092561615581.0,9253567005200.0,14727969035197.0,5474402029997.0,5245335870510.0,252617745782.0,706146479835.0,1152655069983.0,200866578210.0,-32361754506.0,129931903558.0,-24106259335.0,VPI,Bat dong san
2025-Q3,7466157794689.0,2917001512211.0,8660374705268.0,14011659821660.0,5351285116392.0,5407909623021.0,186381672258.0,167172393995.0,395570452977.0,143793423741.0,-7116976855.0,119029791362.0,1453328039255.0,VPI,Bat dong san
2025-Q2,7656958696100.0,3361042621950.0,7934790640550.0,13160629419328.0,5225838778778.0,5048068954616.0,141221786171.0,162380986202.0,179397762739.0,16763544111.0,7096023130.0,1697754615.0,-1413343998166.0,VPI,Bat dong san
2026-Q1,1868101304088.0,221042089108.0,295196701444.0,1919733302390.0,1624536600946.0,646056910457.0,29231596683.0,305500044780.0,4467747931.0,18275157878.0,0.0,14557047488.0,-258721767253.0,NTL,Bat dong san
2025-Q4,1831519305735.0,249147981813.0,274375408813.0,1884354962271.0,1609979553458.0,567214343357.0,29229499990.0,511664808384.0,4034683537.0,-637428109.0,-47948697.0,-3076548998.0,-569796778671.0,NTL,Bat dong san
2025-Q3,1921041394599.0,231761784949.0,242622017949.0,1977658020405.0,1735036002456.0,505660643346.0,29229499990.0,514670869671.0,3860475363.0,21482146484.0,0.0,12701748203.0,414115403378.0,NTL,Bat dong san
2025-Q2,1900483817716.0,224594439413.0,235454672413.0,1957788926666.0,1722334254253.0,518974556598.0,29495916662.0,598255662542.0,6141339620.0,2845765176.0,0.0,1450606769.0,-126259502208.0,NTL,Bat dong san
2026-Q1,2345442422674.0,697315748272.0,1438980062749.0,3387826929937.0,1948846867188.0,824221436772.0,27711754942.0,79500224191.0,176210588509.0,139882832225.0,-4487095578.0,112183216200.0,55753814310.0,LHG,Bat dong san
2025-Q4,2223098558168.0,733258201342.0,1439661544026.0,3276325195014.0,1836663650988.0,831036542104.0,14518809338.0,90116674302.0,121478671222.0,56851531200.0,-2956943350.0,46465219146.0,65373799379.0,LHG,Bat dong san
2025-Q3,2218895202560.0,718047719265.0,1368381302271.0,3158579734113.0,1790198431842.0,802505133031.0,17841636348.0,99650071250.0,112193862251.0,57055933683.0,-2955257916.0,46094191870.0,6560898289.0,LHG,Bat dong san
2025-Q2,2294758079530.0,844628814914.0,1454453095432.0,3198557335404.0,1744104239972.0,788408208558.0,17646997777.0,128245236750.0,223248858263.0,112049132103.0,-3237323376.0,89813191046.0,31719334673.0,LHG,Bat dong san
2026-Q1,2687208229094.0,1196221189074.0,5112934983757.0,8332969989586.0,3220035005829.0,1907550522261.0,68383180051.0,410378560412.0,101942063890.0,21236458431.0,-5121233999.0,17146483294.0,110054051796.0,SZC,Bat dong san
2025-Q4,2531411574456.0,1464251053824.0,4968582890855.0,8171471413390.0,3202888522535.0,1892683364091.0,65617712138.0,417191627627.0,379420187539.0,142738287424.0,-6596717391.0,102702942233.0,96283043500.0,SZC,Bat dong san
2025-Q3,2598554345905.0,1559169830369.0,5058028667103.0,8199951443136.0,3141922776033.0,1844332847586.0,71670821632.0,380944832499.0,86471163333.0,25619051190.0,-6454190315.0,20821189683.0,78907042208.0,SZC,Bat dong san
2025-Q2,2598955722066.0,1620119435932.0,5041820244082.0,8162921830432.0,3121101586350.0,1796839304435.0,78397665965.0,349978681894.0,217829309146.0,118230971947.0,-7547792934.0,94927613607.0,34208588250.0,SZC,Bat dong san
2026-Q1,268411171249.0,105917964033.0,676318612549.0,1397909268639.0,721590656090.0,136933766306.0,30200014142.0,17496423176.0,44125900320.0,6720759783.0,0.0,5293870702.0,819904327.0,D2D,Bat dong san
2025-Q4,307200952428.0,104917831363.0,681707272821.0,1401890509209.0,720183236388.0,135477094217.0,20906243437.0,61494913764.0,35811843031.0,8810022141.0,0.0,6467872704.0,32656024449.0,D2D,Bat dong san
2025-Q3,338088995064.0,98047559706.0,681579632678.0,1399518548155.0,717938915477.0,138646066475.0,34269756911.0,37933794030.0,101610423686.0,22812953725.0,0.0,18298567872.0,40108390978.0,D2D,Bat dong san
2025-Q2,696446182136.0,237924206631.0,828358681797.0,1536106084809.0,707747403012.0,165455356611.0,201125011569.0,240601411563.0,551522490811.0,258925620377.0,0.0,206822013577.0,268835466721.0,D2D,Bat dong san
2026-Q1,5911944750363.0,1319743274530.0,2023853477993.0,12794319073192.0,10770465595199.0,3881027857392.0,607469035922.0,12287325597.0,76822427010.0,7938856915.0,-3419770549.0,1972738402.0,-22683644509.0,ITA,Bat dong san
2025-Q4,5907086558246.0,1357933441334.0,2007144331929.0,12775637188726.0,10768492856797.0,3838408734804.0,659904578426.0,4798746913.0,77897190927.0,45113720359.0,-3581645437.0,38275725405.0,-2093444408.0,ITA,Bat dong san
2025-Q3,5834908375154.0,1322553631220.0,1970353844303.0,12700570975695.0,10730217131392.0,3794158334994.0,707388043511.0,11068043915.0,85970085723.0,27929242436.0,-3590161646.0,21452674505.0,13075129769.0,ITA,Bat dong san
2025-Q2,5798774245600.0,1306174892784.0,1952558286637.0,12661322743524.0,10708764456887.0,3756875073233.0,706060348884.0,4168184033.0,90107915000.0,18769157557.0,-3724709951.0,14272971459.0,-33609236690.0,ITA,Bat dong san
2026-Q1,50569480123328.0,44814349029703.0,117504594708591.0,143533584328554.0,26028989619963.0,2302034441653.0,14826175310447.0,6950828780635.0,21021315315606.0,1142018722959.0,-828588470294.0,1023398041226.0,4569251899480.0,VJC,Dich vu
2025-Q4,49719146269227.0,46604740621386.0,114581827820985.0,139391011113158.0,24809183292173.0,2194104588398.0,13684613276910.0,10986580442252.0,29324050804560.0,579054662102.0,-1047003453249.0,509187088658.0,1228457028292.0,VJC,Dich vu
2025-Q3,39859762454987.0,37274086469932.0,90816926905756.0,115228366341789.0,24411439436033.0,2009708021115.0,9251556874178.0,5470360413800.0,16931445098268.0,400028034822.0,-928197656655.0,320248044870.0,-189777009723.0,VJC,Dich vu
2025-Q2,40758031639436.0,37255797768509.0,88452902329759.0,112159191865525.0,23706289535766.0,2328542997582.0,9650921163878.0,7148653555458.0,17885303707141.0,814847802419.0,-834494756892.0,652662748871.0,1319210905564.0,VJC,Dich vu
2026-Q1,35730653762336.0,57946126250914.0,67831397875139.0,79063570319927.0,11232172444788.0,3812004598277.0,6346325355538.0,9949763562420.0,36882751087437.0,4680159176403.0,-205613043210.0,4514536071155.0,5398939755473.0,HVN,Dich vu
2025-Q4,32050584150286.0,56433407840658.0,66445216324312.0,73174881280887.0,6729664956575.0,3795531249840.0,5421723761733.0,9895757265015.0,32285117933283.0,586408954266.0,-162430279402.0,432893888113.0,2983025869337.0,HVN,Dich vu
2025-Q3,32683906687318.0,56747612493697.0,67367836836166.0,73737176988890.0,6369340152724.0,3037547854494.0,5375377861320.0,16303940813548.0,30371020357312.0,865635322967.0,-209312925673.0,732246313524.0,4801078877740.0,HVN,Dich vu
2025-Q2,21761128224998.0,56051043084009.0,65432508574488.0,62333774592733.0,-3098733981755.0,3580575773856.0,5296833100876.0,6835526689570.0,27999770444499.0,3091380124311.0,-215270786063.0,2956164225179.0,2157510836954.0,HVN,Dich vu
2026-Q1,6244650212617.0,2095875760395.0,4612640039661.0,20181526187664.0,15568886148003.0,102175670375.0,637891643557.0,1889737882920.0,1452406917275.0,716426817601.0,-40874541457.0,650228328157.0,392935286773.0,GMD,Dich vu
2025-Q4,6206216188548.0,2342521762972.0,4908147222414.0,19826401375577.0,14918254153163.0,92477952063.0,673784889294.0,1622294838770.0,1624851616060.0,748809432560.0,-38993692382.0,738310431573.0,533381121550.0,GMD,Dich vu
2025-Q3,6117645952288.0,2570693569528.0,5134122120738.0,19322408276425.0,14188286155687.0,85149275433.0,738148892767.0,2205274802008.0,1560495941737.0,511468604278.0,-23820033285.0,432436874604.0,518368578252.0,GMD,Dich vu
2025-Q2,6743445928490.0,3150593359442.0,5307979253151.0,19085997110583.0,13778017857432.0,95519911442.0,689518780966.0,3748759070672.0,1493731602173.0,677460555128.0,-22412391748.0,604112898590.0,942655177522.0,GMD,Dich vu
2026-Q1,5103418419770.0,4695672474935.0,5183474471739.0,6938304441743.0,1754829970004.0,335966584323.0,1574922125960.0,291801367625.0,4758283873207.0,51792694437.0,-31917874997.0,38995011134.0,-81221379884.0,VTP,Dich vu
2025-Q4,5680154668779.0,5211678981607.0,5750465769030.0,7518675499825.0,1768209730795.0,152682505246.0,2168815895025.0,349825537243.0,5622808674878.0,191036004917.0,-23056878440.0,153236819475.0,-56457421490.0,VTP,Dich vu
2025-Q3,4754545307802.0,4451548457724.0,4954535295281.0,6702625618165.0,1748090322884.0,258531240641.0,1273748042942.0,590694897635.0,4928287581430.0,109040676653.0,-18330250419.0,85336296140.0,611629363629.0,VTP,Dich vu
2025-Q2,4637233761982.0,4411580141987.0,4856365333882.0,6532435878133.0,1676070544251.0,296503064717.0,1440228138831.0,389765934120.0,4981309952823.0,125808042720.0,-15307771974.0,96981406686.0,61389447930.0,VTP,Dich vu
2026-Q1,11657003724920.0,6994920430372.0,25346639574508.0,37846184314865.0,12499544740357.0,5126721250161.0,549801791071.0,704349494282.0,833465515854.0,73044230322.0,-342134139835.0,40767538707.0,-243123883318.0,CII,Dich vu
2025-Q4,11401411859381.0,7344951227483.0,25567783329754.0,37524891642819.0,11957108313065.0,4879883138697.0,592606122531.0,802141351233.0,819012014140.0,136357252951.0,-342105668395.0,126422672042.0,-507286529822.0,CII,Dich vu
2025-Q3,9690618169536.0,8132945010175.0,26056261249842.0,37943237456482.0,11886976206640.0,2396685948136.0,541937534880.0,1697043289641.0,714486381176.0,63611709595.0,-323779021991.0,56127012605.0,58959617242.0,CII,Dich vu
2025-Q2,10492712587084.0,10305454875467.0,27375991328833.0,38662975198475.0,11286983869642.0,2444683417236.0,704483796525.0,2032544281313.0,731145839966.0,86781347764.0,-314309854969.0,89456422821.0,71729031072.0,CII,Dich vu
2026-Q1,44740544253050.0,33080673206829.0,54462923992823.0,95758311539999.0,41295387547176.0,2647475867248.0,17570909659135.0,8332289680232.0,12327018194772.0,1407522062288.0,-414177841347.0,1300086343483.0,1073561056662.0,POW,Dich vu
2025-Q4,37007847543130.0,31611943025293.0,51396020728278.0,88611929063776.0,37215908335498.0,2174483173454.0,14196970596014.0,6737940350756.0,8901872534766.0,902145887303.0,-245673753524.0,825167604185.0,-1320024125620.0,POW,Dich vu
2025-Q3,34149773029374.0,30075490906432.0,49295573055344.0,85771496638498.0,36475923583154.0,2338203134721.0,9804965622698.0,9681165765710.0,7855188738891.0,1011826163428.0,-152456160451.0,948377521849.0,2553494760025.0,POW,Dich vu
2025-Q2,34519997482557.0,30918451843071.0,50075550390522.0,85651331171910.0,35575780781388.0,2386523708571.0,12867006422451.0,10147124355139.0,9398770212474.0,809837454882.0,-137817303342.0,761350344625.0,905630101921.0,POW,Dich vu
2026-Q1,79837671665610.0,76146303967243.0,77188587290317.0,106072582121188.0,28883994830871.0,29753882640248.0,19244902718970.0,10034406335760.0,98697936100129.0,-495815051996.0,-190452317219.0,-662477125907.0,9375725757265.0,PLX,Dich vu
2025-Q4,59561171811187.0,55354328118906.0,56293654583191.0,85855397411812.0,29561742828621.0,13861852856196.0,15782706609584.0,10675798547805.0,81843097378617.0,831227473258.0,-208273100502.0,685594446383.0,5146872074269.0,PLX,Dich vu
2025-Q3,65161869398069.0,61730228024488.0,62675251687942.0,91574911377304.0,28899659689362.0,16617288859733.0,17290266372609.0,12616557939958.0,83631407329088.0,807127310124.0,-243608783459.0,705970238434.0,-799826559974.0,PLX,Dich vu
2025-Q2,60926785823298.0,58197563961918.0,59044109329602.0,87249489527737.0,28205380198135.0,16789377724048.0,15820830951212.0,10770637171668.0,76538979974578.0,1646725151153.0,-180785086150.0,1424411077462.0,2193106949908.0,PLX,Dich vu
2026-Q1,13821465851430.0,5726347526598.0,15800239617195.0,40740992965557.0,24940753348362.0,1393235561820.0,2972635910798.0,4004397142803.0,2470751926358.0,1054383297460.0,-172360715310.0,938744544933.0,989079712010.0,REE,Dich vu
2025-Q4,13701485517767.0,5147199579595.0,15278313579883.0,40074851708537.0,24796538128654.0,1523627823536.0,3077036371013.0,3045832588034.0,2877577731793.0,866862850702.0,-170223450276.0,769645260281.0,1076434854731.0,REE,Dich vu
2025-Q3,12359235870047.0,4276976052607.0,14100981703005.0,38265997037514.0,24165015334509.0,1291160053507.0,2449510536247.0,3356120292119.0,2552162332981.0,926970290303.0,-179003224880.0,824812238009.0,598005869684.0,REE,Dich vu
2025-Q2,11912726111876.0,4144635033247.0,13528541671216.0,37015909890398.0,23487368219182.0,1240817458635.0,2759897202354.0,4779867178468.0,2513507808623.0,829343473011.0,-173864390335.0,738684202066.0,728632137544.0,REE,Dich vu
2026-Q1,8182621000000.0,3256310000000.0,10988486000000.0,60962946000000.0,49974460000000.0,222141000000.0,1324501000000.0,3788657000000.0,2293618000000.0,1999478000000.0,-194800000000.0,1606257000000.0,-262982000000.0,VRE,Dich vu
2025-Q4,7961052000000.0,5173857000000.0,12910946000000.0,61279149000000.0,48368203000000.0,236158000000.0,1319815000000.0,4434617000000.0,2312326000000.0,3340714000000.0,-185381000000.0,2658837000000.0,-2314552000000.0,VRE,Dich vu
2025-Q3,13768246000000.0,8346821000000.0,15554965000000.0,61264693000000.0,45709728000000.0,267655000000.0,1452512000000.0,2808595000000.0,2251000000000.0,1721448000000.0,-171677000000.0,1376430000000.0,-2884948000000.0,VRE,Dich vu
2025-Q2,14764329000000.0,11707371000000.0,13782973000000.0,58241716000000.0,44458743000000.0,299001000000.0,1506211000000.0,5235253000000.0,2142630000000.0,1545019000000.0,-122851000000.0,1233260000000.0,1784908000000.0,VRE,Dich vu
2026-Q1,41527873060120.0,25696151990523.0,28464058214856.0,68586094785217.0,40122036570361.0,1094571460159.0,10175295201576.0,7993577611642.0,12479997206775.0,2803844281676.0,-179461207664.0,2476789833481.0,-2847813717192.0,FPT,Dich vu
2025-Q4,58137438254908.0,41524928721230.0,44393950887086.0,88141991634625.0,43748040747539.0,2193769802339.0,12734600596550.0,10522105729992.0,20225449892881.0,3503168140397.0,-207025852637.0,2994964817096.0,4108450576803.0,FPT,Dich vu
2025-Q3,53632976863548.0,36285959995924.0,39907781019976.0,82738304930449.0,42830523910473.0,2050315910017.0,11454536291628.0,9853512731370.0,17204521225302.0,3374738598090.0,-233582914481.0,2901545752650.0,4344020060779.0,FPT,Dich vu
2025-Q2,52711179992741.0,37683199470884.0,41393292129716.0,81266075455371.0,39872783325655.0,2074111218172.0,11175300447724.0,10019630995136.0,16624713040067.0,3141032584460.0,-216761295705.0,2740271400678.0,4190477000730.0,FPT,Dich vu
